ID,Tip Count,Rainfall (mm),Water Level (cm),Timestamp
26826,3.0,0.6,65.4,2025-06-30 12:18:28
26795,1.0,0.2,250.8,2025-05-04 02:44:18
26696,2.0,0.4,251.0,2025-05-03 23:26:13
26669,1.0,0.2,250.9,2025-05-03 22:32:12
26637,1.0,0.2,251.1,2025-05-03 21:28:10
26595,3.0,0.6,250.9,2025-05-03 20:04:08
26513,2.0,0.4,251.2,2025-05-03 17:20:04
26500,7.0,1.4,251.5,2025-05-03 16:54:04
26481,1.0,0.2,71.1,2025-05-03 16:16:03
26459,2.0,0.4,254.5,2025-05-03 15:32:02
26412,31.0,6.2,253.4,2025-05-03 13:57:59
26411,19.0,3.8,271.4,2025-05-03 13:55:59
26405,1.0,0.2,253.8,2025-05-03 13:43:59
26382,1.0,0.2,254.2,2025-05-03 12:57:58
26364,1.0,0.2,254.7,2025-05-03 12:21:57
26340,1.0,0.2,254.7,2025-05-03 11:33:56
26330,1.0,0.2,254.4,2025-05-03 11:13:55
26320,3.0,0.6,253.7,2025-05-03 10:53:55
26316,9.0,1.8,269.2,2025-05-03 10:45:54
26298,1.0,0.2,254.1,2025-05-03 10:09:54
26290,1.0,0.2,257.0,2025-05-03 09:53:53
26286,1.0,0.2,256.0,2025-05-03 09:45:53
26280,1.0,0.2,258.1,2025-05-03 09:33:53
26273,1.0,0.2,259.0,2025-05-03 09:19:52
26272,1.0,0.2,268.3,2025-05-03 09:17:52
26251,1.0,0.2,251.9,2025-05-03 08:35:51
26239,1.0,0.2,256.4,2025-05-03 08:11:50
26236,1.0,0.2,256.6,2025-05-03 08:05:50
26230,1.0,0.2,257.3,2025-05-03 07:53:50
26229,1.0,0.2,256.8,2025-05-03 07:51:50
26228,1.0,0.2,252.1,2025-05-03 07:49:50
26220,2.0,0.4,255.2,2025-05-03 07:33:46
26214,1.0,0.2,255.2,2025-05-03 07:21:39
26196,1.0,0.2,252.2,2025-05-03 06:43:49
26138,1.0,0.2,252.9,2025-04-29 20:24:17
26130,1.0,0.2,252.2,2025-04-29 20:08:10
26122,3.0,0.6,252.3,2025-04-29 19:51:56
26114,3.0,0.6,252.0,2025-04-29 19:28:57
26098,4.0,0.8,251.8,2025-04-29 18:56:57
26097,2.0,0.4,251.6,2025-04-29 18:54:56
26079,2.0,0.4,251.6,2025-04-29 18:18:56
26069,1.0,0.2,252.3,2025-04-29 17:58:55
26057,2.0,0.4,251.8,2025-04-29 17:34:55
26037,1.0,0.2,252.5,2025-04-29 16:54:53
26035,6.0,1.2,252.2,2025-04-29 16:50:53
26019,2.0,0.4,252.5,2025-04-29 16:18:53
25986,14.0,2.8,252.9,2025-04-29 15:12:51
25943,1.0,0.2,253.8,2025-04-29 13:46:38
25935,1.0,0.2,253.2,2025-04-29 13:30:30
25933,1.0,0.2,254.5,2025-04-29 06:36:40
25931,1.0,0.2,254.5,2025-04-29 06:32:40
25916,1.0,0.2,252.7,2025-04-29 06:02:40
25900,1.0,0.2,252.6,2025-04-29 05:30:39
25898,1.0,0.2,282.0,2025-04-29 05:26:39
25895,1.0,0.2,252.5,2025-04-29 05:20:38
25890,1.0,0.2,252.1,2025-04-29 05:10:38
25882,1.0,0.2,252.7,2025-04-29 04:54:38
25878,1.0,0.2,252.9,2025-04-29 04:46:38
25860,1.0,0.2,253.0,2025-04-29 04:10:37
25790,2.0,0.4,252.2,2025-04-29 01:50:33
25780,2.0,0.4,252.8,2025-04-29 01:30:33
25717,1.0,0.2,281.0,2025-04-28 23:24:30
25684,1.0,0.2,253.0,2025-04-28 22:18:28
25652,1.0,0.2,252.9,2025-04-28 21:14:26
25632,1.0,0.2,253.2,2025-04-28 20:34:25
25598,1.0,0.2,253.6,2025-04-28 19:26:23
25594,3.0,0.6,270.8,2025-04-28 19:18:23
25582,2.0,0.4,253.5,2025-04-28 18:54:23
25553,4.0,0.8,253.1,2025-04-28 17:56:21
25539,1.0,0.2,252.9,2025-04-28 17:28:20
25536,1.0,0.2,253.4,2025-04-28 17:22:20
25489,1.0,0.2,254.2,2025-04-28 15:48:18
25478,8.0,1.6,254.1,2025-04-28 15:26:17
25470,1.0,0.2,255.2,2025-04-28 15:10:17
25430,3.0,0.6,261.2,2025-04-28 13:50:16
25423,1.0,0.2,272.7,2025-04-28 13:36:16
25412,1.0,0.2,255.4,2025-04-28 13:14:16
25400,1.0,0.2,257.5,2025-04-28 12:50:15
25390,1.0,0.2,259.1,2025-04-28 12:30:14
25386,2.0,0.4,255.4,2025-04-28 12:22:14
25372,1.0,0.2,252.2,2025-04-28 11:54:14
25354,1.0,0.2,276.7,2025-04-28 11:18:13
25343,1.0,0.2,298.9,2025-04-28 10:56:12
25340,2.0,0.4,293.1,2025-04-28 10:50:12
25336,1.0,0.2,292.6,2025-04-28 10:42:12
25333,1.0,0.2,291.7,2025-04-28 10:36:11
25331,2.0,0.4,296.9,2025-04-28 10:32:11
25327,1.0,0.2,293.5,2025-04-28 10:24:11
25320,1.0,0.2,289.2,2025-04-28 10:10:11
25319,1.0,0.2,285.9,2025-04-28 10:08:11
25316,1.0,0.2,273.8,2025-04-28 10:02:11
25309,1.0,0.2,283.8,2025-04-28 09:48:10
25305,1.0,0.2,281.5,2025-04-28 09:40:10
25304,1.0,0.2,283.0,2025-04-28 09:38:10
25297,1.0,0.2,259.5,2025-04-28 09:24:10
25295,1.0,0.2,259.6,2025-04-28 09:20:09
25293,1.0,0.2,259.0,2025-04-28 09:16:09
25291,1.0,0.2,260.2,2025-04-28 09:12:09
25283,1.0,0.2,258.1,2025-04-28 08:56:09
25276,1.0,0.2,260.3,2025-04-28 08:42:09
25275,3.0,0.6,271.9,2025-04-28 08:40:09
25270,1.0,0.2,258.3,2025-04-28 08:30:08
25265,1.0,0.2,275.0,2025-04-28 08:20:08
25261,1.0,0.2,273.1,2025-04-28 08:12:08
25258,1.0,0.2,277.8,2025-04-28 08:06:08
25255,1.0,0.2,292.3,2025-04-28 08:00:08
25254,2.0,0.4,283.3,2025-04-28 07:58:07
25250,1.0,0.2,265.9,2025-04-28 07:50:07
25249,1.0,0.2,274.9,2025-04-28 07:48:07
25245,1.0,0.2,257.2,2025-04-28 07:40:07
25244,1.0,0.2,257.6,2025-04-28 07:38:07
25243,1.0,0.2,257.2,2025-04-28 07:36:07
25237,1.0,0.2,257.6,2025-04-28 07:24:07
25226,1.0,0.2,256.5,2025-04-28 07:02:06
25225,2.0,0.4,257.4,2025-04-28 07:00:06
25221,1.0,0.2,257.0,2025-04-28 06:52:06
25219,2.0,0.4,256.8,2025-04-28 06:48:06
25216,3.0,0.6,256.5,2025-04-28 06:42:06
25215,1.0,0.2,256.8,2025-04-28 06:40:06
25214,1.0,0.2,255.9,2025-04-28 06:38:06
25213,2.0,0.4,254.8,2025-04-28 06:36:06
25209,2.0,0.4,253.4,2025-04-28 06:28:05
25208,1.0,0.2,253.5,2025-04-28 06:26:05
25204,1.0,0.2,253.0,2025-04-28 06:18:05
25197,1.0,0.2,253.5,2025-04-28 06:04:05
25196,1.0,0.2,253.7,2025-04-28 06:02:05
25194,1.0,0.2,253.2,2025-04-28 05:58:04
25188,1.0,0.2,253.5,2025-04-28 05:46:05
25173,2.0,0.4,253.1,2025-04-28 05:16:04
25155,1.0,0.2,253.6,2025-04-28 04:40:03
25047,1.0,0.2,253.2,2025-04-28 01:03:57
25045,1.0,0.2,253.2,2025-04-28 00:59:57
24993,1.0,0.2,253.6,2025-04-27 23:15:55
24961,1.0,0.2,253.9,2025-04-27 22:11:53
24953,1.0,0.2,254.4,2025-04-27 21:55:53
24867,1.0,0.2,254.5,2025-04-27 19:03:48
24866,3.0,0.6,254.4,2025-04-27 19:01:48
24854,1.0,0.2,254.3,2025-04-27 18:37:48
24853,5.0,1.0,255.4,2025-04-27 18:35:47
24847,1.0,0.2,254.9,2025-04-27 18:23:47
24835,1.0,0.2,255.3,2025-04-27 17:59:46
24823,1.0,0.2,253.9,2025-04-27 17:35:46
24815,1.0,0.2,253.9,2025-04-27 17:19:46
24814,1.0,0.2,253.9,2025-04-27 17:17:46
24812,3.0,0.6,254.0,2025-04-27 17:13:45
24810,1.0,0.2,254.3,2025-04-27 17:09:45
24800,24.0,4.8,254.6,2025-04-27 16:49:45
24799,7.0,1.4,254.4,2025-04-27 16:47:44
24783,1.0,0.2,255.2,2025-04-27 16:15:44
24746,4.0,0.8,256.1,2025-04-27 15:01:42
24744,1.0,0.2,254.9,2025-04-27 14:57:42
24738,3.0,0.6,256.1,2025-04-27 14:45:42
24735,2.0,0.4,256.5,2025-04-27 14:39:42
24734,2.0,0.4,255.4,2025-04-27 14:37:42
24730,1.0,0.2,271.2,2025-04-27 14:29:41
24729,1.0,0.2,255.2,2025-04-27 14:27:41
24725,1.0,0.2,254.5,2025-04-27 14:19:41
24722,1.0,0.2,256.4,2025-04-27 14:13:41
24720,1.0,0.2,254.7,2025-04-27 14:09:41
24718,1.0,0.2,255.1,2025-04-27 14:05:41
24717,1.0,0.2,256.1,2025-04-27 14:03:41
24705,1.0,0.2,255.0,2025-04-27 13:39:40
24702,2.0,0.4,275.7,2025-04-27 13:33:40
24694,5.0,1.0,256.6,2025-04-27 13:17:40
24688,4.0,0.8,257.7,2025-04-27 13:05:39
24687,5.0,1.0,258.3,2025-04-27 13:03:39
24685,1.0,0.2,259.3,2025-04-27 12:59:39
24677,3.0,0.6,259.3,2025-04-27 12:43:39
24676,1.0,0.2,259.0,2025-04-27 12:41:39
24655,2.0,0.4,266.7,2025-04-27 11:59:37
24652,1.0,0.2,274.6,2025-04-27 11:53:37
24650,1.0,0.2,258.5,2025-04-27 11:49:37
24637,1.0,0.2,258.1,2025-04-27 11:23:37
24636,1.0,0.2,258.4,2025-04-27 11:21:37
24632,5.0,1.0,280.0,2025-04-27 11:13:36
24630,1.0,0.2,257.6,2025-04-27 11:09:36
24628,1.0,0.2,277.6,2025-04-27 11:05:36
24620,1.0,0.2,257.1,2025-04-27 10:49:35
24619,1.0,0.2,256.3,2025-04-27 10:47:35
24616,2.0,0.4,255.7,2025-04-27 10:41:35
24611,1.0,0.2,256.2,2025-04-27 10:31:35
24610,3.0,0.6,273.2,2025-04-27 10:29:35
24604,1.0,0.2,270.7,2025-04-27 10:17:35
24602,1.0,0.2,255.7,2025-04-27 10:13:35
24598,1.0,0.2,274.4,2025-04-27 10:05:35
24591,2.0,0.4,259.4,2025-04-27 09:51:35
24590,1.0,0.2,260.2,2025-04-27 09:49:35
24587,1.0,0.2,260.5,2025-04-27 09:43:35
24585,1.0,0.2,260.8,2025-04-27 09:39:35
24583,3.0,0.6,260.4,2025-04-27 09:35:35
24573,1.0,0.2,259.1,2025-04-27 09:15:35
24570,1.0,0.2,259.8,2025-04-27 09:09:35
24568,2.0,0.4,259.9,2025-04-27 09:05:34
24564,2.0,0.4,261.4,2025-04-27 08:57:34
24561,3.0,0.6,259.1,2025-04-27 08:51:34
24559,1.0,0.2,259.3,2025-04-27 08:47:34
24549,1.0,0.2,257.7,2025-04-27 08:27:34
24547,2.0,0.4,258.4,2025-04-27 08:23:34
24543,4.0,0.8,259.9,2025-04-27 08:15:34
24533,1.0,0.2,262.1,2025-04-27 07:55:34
24531,1.0,0.2,260.1,2025-04-27 07:51:33
24530,1.0,0.2,276.5,2025-04-27 07:49:33
24519,2.0,0.4,260.5,2025-04-27 07:27:33
24515,1.0,0.2,259.2,2025-04-27 07:19:33
24510,1.0,0.2,277.6,2025-04-27 07:09:33
24497,2.0,0.4,257.0,2025-04-27 06:43:32
24490,1.0,0.2,255.0,2025-04-27 06:29:32
24484,1.0,0.2,255.1,2025-04-27 06:17:31
24476,1.0,0.2,254.9,2025-04-27 06:01:31
24472,1.0,0.2,265.6,2025-04-27 05:53:31
24471,1.0,0.2,254.6,2025-04-27 05:51:31
24453,2.0,0.4,259.7,2025-04-27 05:15:30
24416,1.0,0.2,254.6,2025-04-27 04:00:51
24357,1.0,0.2,254.0,2025-04-27 02:01:25
24340,1.0,0.2,254.2,2025-04-27 01:27:24
24327,3.0,0.6,254.3,2025-04-27 01:01:23
24270,3.0,0.6,254.4,2025-04-26 23:07:21
24237,2.0,0.4,254.3,2025-04-26 22:01:19
24176,9.0,1.8,260.0,2025-04-26 19:59:16
24168,1.0,0.2,254.8,2025-04-26 19:43:15
24164,1.0,0.2,255.3,2025-04-26 19:35:15
24160,2.0,0.4,271.3,2025-04-26 19:27:15
24125,1.0,0.2,254.5,2025-04-26 18:17:13
24112,2.0,0.4,254.5,2025-04-26 17:51:13
24110,1.0,0.2,254.6,2025-04-26 17:47:13
24107,1.0,0.2,254.5,2025-04-26 17:41:12
24104,1.0,0.2,254.6,2025-04-26 17:35:12
24062,1.0,0.2,71.9,2025-04-26 16:04:45
24052,3.0,0.6,255.4,2025-04-26 15:44:45
24045,2.0,0.4,72.4,2025-04-26 15:30:44
24033,1.0,0.2,256.5,2025-04-26 15:06:44
24026,2.0,0.4,256.9,2025-04-26 14:52:43
24023,3.0,0.6,262.2,2025-04-26 14:46:43
24014,1.0,0.2,256.3,2025-04-26 14:28:43
24010,2.0,0.4,256.1,2025-04-26 14:20:43
23997,1.0,0.2,256.7,2025-04-26 13:54:42
23993,1.0,0.2,276.3,2025-04-26 13:46:42
23991,2.0,0.4,257.0,2025-04-26 13:42:42
23983,3.0,0.6,257.0,2025-04-26 13:26:41
23971,3.0,0.6,259.5,2025-04-26 13:02:41
23970,9.0,1.8,259.2,2025-04-26 13:00:41
23967,1.0,0.2,258.3,2025-04-26 12:54:41
23961,6.0,1.2,276.0,2025-04-26 12:42:40
23954,5.0,1.0,275.0,2025-04-26 12:28:40
23951,1.0,0.2,258.3,2025-04-26 12:22:40
23950,1.0,0.2,263.9,2025-04-26 12:20:40
23943,1.0,0.2,277.2,2025-04-26 12:06:39
23942,1.0,0.2,278.6,2025-04-26 12:04:39
23938,1.0,0.2,281.5,2025-04-26 11:56:33
23932,1.0,0.2,259.9,2025-04-26 11:44:26
23924,1.0,0.2,272.2,2025-04-26 11:28:19
23915,1.0,0.2,255.9,2025-04-26 11:10:05
23914,1.0,0.2,278.6,2025-04-26 11:08:05
23889,1.0,0.2,256.2,2025-04-26 10:17:30
23888,1.0,0.2,257.1,2025-04-26 10:15:23
23885,2.0,0.4,256.2,2025-04-26 10:09:23
23874,1.0,0.2,274.7,2025-04-26 09:47:09
23872,1.0,0.2,289.4,2025-04-26 09:43:02
23871,1.0,0.2,262.0,2025-04-26 09:41:02
23864,1.0,0.2,259.7,2025-04-26 09:26:37
23859,2.0,0.4,258.7,2025-04-26 09:16:37
23855,1.0,0.2,259.7,2025-04-26 09:08:37
23854,1.0,0.2,276.3,2025-04-26 09:06:37
23843,1.0,0.2,257.1,2025-04-26 08:44:37
23831,1.0,0.2,283.5,2025-04-26 08:20:36
23828,1.0,0.2,262.3,2025-04-26 08:14:36
23827,1.0,0.2,256.6,2025-04-26 08:12:36
23819,1.0,0.2,272.5,2025-04-26 07:56:36
23817,2.0,0.4,254.8,2025-04-26 07:52:36
23816,2.0,0.4,254.9,2025-04-26 07:50:36
23793,1.0,0.2,254.9,2025-04-26 07:04:34
23788,1.0,0.2,254.3,2025-04-26 06:54:34
23786,1.0,0.2,255.1,2025-04-26 06:50:34
23784,2.0,0.4,255.3,2025-04-26 06:46:34
23781,1.0,0.2,254.6,2025-04-26 06:40:34
23780,1.0,0.2,254.6,2025-04-26 06:38:34
23759,1.0,0.2,254.3,2025-04-26 01:50:29
23730,2.0,0.4,254.0,2025-04-26 00:52:27
23708,1.0,0.2,254.3,2025-04-26 00:08:26
23705,1.0,0.2,253.7,2025-04-26 00:02:26
23683,3.0,0.6,254.3,2025-04-25 23:18:25
23681,1.0,0.2,254.2,2025-04-25 23:14:25
23645,23.0,4.6,254.8,2025-04-25 22:02:23
23644,5.0,1.0,254.2,2025-04-25 22:00:23
23611,1.0,0.2,41.0,2025-04-25 20:54:21
23601,1.0,0.2,271.6,2025-04-25 20:34:21
23530,6.0,1.2,271.4,2025-04-25 18:12:17
23516,1.0,0.2,281.5,2025-04-25 17:44:17
23491,3.0,0.6,72.3,2025-04-25 16:54:15
23486,1.0,0.2,72.7,2025-04-25 16:44:15
23481,5.0,1.0,72.4,2025-04-25 16:34:15
23479,1.0,0.2,72.4,2025-04-25 16:30:15
23464,2.0,0.4,72.4,2025-04-25 16:00:14
23421,2.0,0.4,257.5,2025-04-25 14:34:12
23416,27.0,5.4,73.0,2025-04-25 14:24:12
23412,2.0,0.4,257.0,2025-04-25 14:16:11
23405,1.0,0.2,256.3,2025-04-25 14:02:11
23403,2.0,0.4,256.3,2025-04-25 13:58:11
23399,2.0,0.4,75.1,2025-04-25 13:50:11
23383,1.0,0.2,275.5,2025-04-25 13:18:11
23380,2.0,0.4,257.5,2025-04-25 13:12:11
23363,1.0,0.2,278.2,2025-04-25 12:38:10
23335,1.0,0.2,257.4,2025-04-25 11:42:08
23334,1.0,0.2,279.2,2025-04-25 11:40:09
23332,1.0,0.2,257.4,2025-04-25 11:36:09
23330,6.0,1.2,275.7,2025-04-25 11:32:08
23328,1.0,0.2,280.8,2025-04-25 11:28:08
23325,1.0,0.2,257.7,2025-04-25 11:22:08
23320,1.0,0.2,258.3,2025-04-25 11:12:08
23318,2.0,0.4,258.0,2025-04-25 11:08:08
23309,1.0,0.2,276.8,2025-04-25 10:50:07
23308,2.0,0.4,257.5,2025-04-25 10:48:07
23303,1.0,0.2,275.5,2025-04-25 10:38:07
23298,1.0,0.2,256.9,2025-04-25 10:28:07
23291,1.0,0.2,274.8,2025-04-25 10:14:08
23286,1.0,0.2,270.7,2025-04-25 10:04:06
23284,1.0,0.2,273.8,2025-04-25 10:00:06
23281,3.0,0.6,277.8,2025-04-25 09:54:06
23279,4.0,0.8,288.0,2025-04-25 09:50:06
23278,1.0,0.2,277.9,2025-04-25 09:48:06
23272,2.0,0.4,260.5,2025-04-25 09:36:06
23268,5.0,1.0,227.9,2025-04-25 09:28:05
23266,2.0,0.4,282.5,2025-04-25 09:24:05
23264,1.0,0.2,280.0,2025-04-25 09:20:05
23260,1.0,0.2,291.4,2025-04-25 09:12:05
23253,1.0,0.2,287.3,2025-04-25 08:58:05
23247,1.0,0.2,258.7,2025-04-25 08:46:05
23246,2.0,0.4,259.4,2025-04-25 08:44:05
23241,1.0,0.2,274.3,2025-04-25 08:34:05
23239,1.0,0.2,259.2,2025-04-25 08:30:05
23235,2.0,0.4,258.7,2025-04-25 08:22:05
23233,1.0,0.2,275.8,2025-04-25 08:18:05
23232,2.0,0.4,258.1,2025-04-25 08:16:05
23226,1.0,0.2,275.9,2025-04-25 08:04:05
23225,2.0,0.4,257.5,2025-04-25 08:02:05
23219,1.0,0.2,276.5,2025-04-25 07:50:05
23214,3.0,0.6,257.2,2025-04-25 07:40:04
23213,1.0,0.2,257.3,2025-04-25 07:38:04
23211,1.0,0.2,267.9,2025-04-25 07:34:04
23205,1.0,0.2,257.2,2025-04-25 07:22:04
23194,1.0,0.2,256.5,2025-04-25 07:00:04
23193,1.0,0.2,256.2,2025-04-25 06:58:04
23190,2.0,0.4,255.7,2025-04-25 06:52:03
23187,1.0,0.2,255.7,2025-04-25 06:46:03
23186,1.0,0.2,255.7,2025-04-25 06:44:03
23180,1.0,0.2,254.6,2025-04-25 06:32:03
23173,1.0,0.2,254.1,2025-04-25 06:18:03
23169,1.0,0.2,253.6,2025-04-25 06:10:02
23167,1.0,0.2,253.5,2025-04-25 06:06:02
23161,1.0,0.2,253.2,2025-04-25 05:54:02
23160,1.0,0.2,253.7,2025-04-25 05:52:02
23157,1.0,0.2,253.5,2025-04-25 05:46:02
23156,1.0,0.2,253.7,2025-04-25 05:44:02
23153,1.0,0.2,253.5,2025-04-25 05:38:02
23152,1.0,0.2,253.6,2025-04-25 05:36:02
23150,1.0,0.2,253.2,2025-04-25 05:32:01
23147,1.0,0.2,253.0,2025-04-25 05:26:01
23145,1.0,0.2,253.4,2025-04-25 05:22:01
23140,1.0,0.2,253.1,2025-04-25 05:12:01
23139,2.0,0.4,253.5,2025-04-25 05:10:01
23122,3.0,0.6,253.6,2025-04-25 04:36:00
23101,1.0,0.2,253.3,2025-04-25 03:53:59
23050,3.0,0.6,253.3,2025-04-25 02:11:56
23043,1.0,0.2,253.8,2025-04-25 01:57:56
22977,9.0,1.8,253.9,2025-04-24 23:45:53
22964,6.0,1.2,253.6,2025-04-24 23:19:52
22922,1.0,0.2,253.8,2025-04-24 21:55:50
22900,2.0,0.4,253.7,2025-04-24 21:11:49
22897,4.0,0.8,253.6,2025-04-24 21:05:49
22864,1.0,0.2,253.9,2025-04-24 19:59:47
22862,1.0,0.2,253.9,2025-04-24 19:55:47
22859,1.0,0.2,253.7,2025-04-24 19:49:47
22852,1.0,0.2,253.3,2025-04-24 19:35:46
22796,5.0,1.0,254.4,2025-04-24 17:43:44
22786,1.0,0.2,254.4,2025-04-24 17:23:44
22768,1.0,0.2,254.9,2025-04-24 16:47:42
22760,3.0,0.6,255.2,2025-04-24 16:31:42
22749,2.0,0.4,256.0,2025-04-24 16:09:41
22747,2.0,0.4,255.1,2025-04-24 16:05:41
22728,1.0,0.2,256.0,2025-04-24 15:27:40
22715,12.0,2.4,256.8,2025-04-24 15:01:39
22707,1.0,0.2,256.0,2025-04-24 14:45:39
22686,8.0,1.6,255.7,2025-04-24 14:03:38
22685,1.0,0.2,287.2,2025-04-24 14:01:38
22680,1.0,0.2,273.8,2025-04-24 13:51:38
22679,1.0,0.2,256.2,2025-04-24 13:49:38
22674,2.0,0.4,255.9,2025-04-24 13:39:37
22668,2.0,0.4,255.6,2025-04-24 13:27:38
22656,2.0,0.4,259.0,2025-04-24 13:03:38
22647,2.0,0.4,259.6,2025-04-24 12:45:37
22646,1.0,0.2,259.5,2025-04-24 12:43:37
22629,1.0,0.2,261.4,2025-04-24 12:09:36
22619,1.0,0.2,259.7,2025-04-24 11:49:36
22613,1.0,0.2,275.2,2025-04-24 11:37:35
22604,2.0,0.4,258.8,2025-04-24 11:19:35
22597,2.0,0.4,271.6,2025-04-24 11:05:35
22596,1.0,0.2,263.8,2025-04-24 11:03:35
22595,1.0,0.2,273.5,2025-04-24 11:01:34
22584,1.0,0.2,271.0,2025-04-24 10:39:34
22577,3.0,0.6,255.7,2025-04-24 10:25:33
22576,1.0,0.2,273.6,2025-04-24 10:23:33
22573,1.0,0.2,275.0,2025-04-24 10:17:33
22559,3.0,0.6,275.6,2025-04-24 09:49:33
22549,1.0,0.2,260.4,2025-04-24 09:29:32
22546,2.0,0.4,278.1,2025-04-24 09:23:32
22540,11.0,2.2,277.6,2025-04-24 09:11:32
22538,1.0,0.2,260.6,2025-04-24 09:07:31
22534,1.0,0.2,259.4,2025-04-24 08:59:31
22533,2.0,0.4,267.4,2025-04-24 08:57:31
22532,1.0,0.2,260.2,2025-04-24 08:55:31
22523,4.0,0.8,260.7,2025-04-24 08:37:31
22522,1.0,0.2,259.8,2025-04-24 08:35:31
22511,3.0,0.6,259.4,2025-04-24 08:13:30
22509,1.0,0.2,269.7,2025-04-24 08:09:30
22507,1.0,0.2,258.9,2025-04-24 08:05:30
22506,1.0,0.2,259.1,2025-04-24 08:03:30
22493,1.0,0.2,259.8,2025-04-24 07:37:29
22492,1.0,0.2,276.8,2025-04-24 07:35:29
22491,3.0,0.6,257.9,2025-04-24 07:33:29
22485,1.0,0.2,259.3,2025-04-24 07:21:29
22483,2.0,0.4,257.5,2025-04-24 07:17:29
22481,1.0,0.2,257.8,2025-04-24 07:13:29
22478,3.0,0.6,257.5,2025-04-24 07:07:29
22475,1.0,0.2,257.5,2025-04-24 07:01:28
22474,1.0,0.2,257.5,2025-04-24 06:59:28
22468,2.0,0.4,256.4,2025-04-24 06:47:28
22466,2.0,0.4,256.6,2025-04-24 06:43:28
22460,1.0,0.2,254.6,2025-04-24 06:31:28
22448,1.0,0.2,253.8,2025-04-24 06:07:27
22446,1.0,0.2,253.8,2025-04-24 06:03:27
22440,1.0,0.2,253.6,2025-04-24 05:51:26
22427,1.0,0.2,253.3,2025-04-24 05:25:26
22426,2.0,0.4,253.9,2025-04-24 05:23:26
22424,1.0,0.2,253.9,2025-04-24 05:19:26
22421,1.0,0.2,253.9,2025-04-24 05:13:26
22409,2.0,0.4,253.5,2025-04-24 04:49:25
22405,2.0,0.4,253.5,2025-04-24 04:41:25
22385,2.0,0.4,253.6,2025-04-24 04:01:24
22236,3.0,0.6,254.3,2025-04-23 23:03:20
22223,1.0,0.2,254.5,2025-04-23 22:37:19
22195,2.0,0.4,253.8,2025-04-23 21:41:18
22183,1.0,0.2,253.7,2025-04-23 21:17:17
22179,1.0,0.2,253.8,2025-04-23 21:09:17
22160,2.0,0.4,254.1,2025-04-23 20:31:16
22144,1.0,0.2,253.6,2025-04-23 19:59:15
22132,1.0,0.2,253.5,2025-04-23 19:35:14
22128,1.0,0.2,253.8,2025-04-23 19:27:14
22108,3.0,0.6,254.0,2025-04-23 18:47:13
22089,1.0,0.2,254.0,2025-04-23 18:09:12
22088,7.0,1.4,253.4,2025-04-23 18:07:12
22075,1.0,0.2,254.2,2025-04-23 17:41:11
22059,17.0,3.4,254.1,2025-04-23 17:09:11
22017,16.0,3.2,254.9,2025-04-23 15:45:09
22002,4.0,0.8,228.6,2025-04-23 15:15:08
21996,1.0,0.2,73.2,2025-04-23 15:03:07
21995,1.0,0.2,256.5,2025-04-23 15:01:07
21987,1.0,0.2,256.7,2025-04-23 14:45:07
21986,2.0,0.4,258.8,2025-04-23 14:43:07
21979,1.0,0.2,271.9,2025-04-23 14:29:07
21978,1.0,0.2,256.2,2025-04-23 14:27:07
21968,1.0,0.2,257.0,2025-04-23 14:07:06
21962,1.0,0.2,75.2,2025-04-23 13:55:06
21954,1.0,0.2,73.4,2025-04-23 13:39:05
21946,1.0,0.2,73.8,2025-04-23 13:23:05
21938,3.0,0.6,256.7,2025-04-23 13:07:05
21931,1.0,0.2,259.6,2025-04-23 12:53:04
21929,1.0,0.2,275.2,2025-04-23 12:49:04
21927,1.0,0.2,265.9,2025-04-23 12:45:04
21924,1.0,0.2,261.6,2025-04-23 12:39:04
21918,3.0,0.6,257.3,2025-04-23 12:27:03
21893,1.0,0.2,274.3,2025-04-23 11:37:02
21885,2.0,0.4,260.7,2025-04-23 11:21:02
21862,4.0,0.8,280.8,2025-04-23 10:35:01
21849,6.0,1.2,270.8,2025-04-23 10:09:00
21833,1.0,0.2,269.5,2025-04-23 09:36:59
21831,1.0,0.2,274.8,2025-04-23 09:32:59
21829,2.0,0.4,274.6,2025-04-23 09:28:59
21826,2.0,0.4,274.5,2025-04-23 09:22:59
21810,1.0,0.2,267.5,2025-04-23 08:50:58
21804,1.0,0.2,268.1,2025-04-23 08:38:58
21803,1.0,0.2,262.3,2025-04-23 08:36:58
21802,2.0,0.4,261.0,2025-04-23 08:34:58
21796,1.0,0.2,264.6,2025-04-23 08:22:57
21794,1.0,0.2,259.7,2025-04-23 08:18:57
21789,1.0,0.2,258.1,2025-04-23 08:08:57
21788,1.0,0.2,270.1,2025-04-23 08:06:57
21782,2.0,0.4,271.0,2025-04-23 07:54:57
21774,1.0,0.2,275.6,2025-04-23 07:38:56
21772,2.0,0.4,259.5,2025-04-23 07:34:56
21770,3.0,0.6,259.1,2025-04-23 07:30:56
21768,1.0,0.2,260.6,2025-04-23 07:26:56
21767,1.0,0.2,260.5,2025-04-23 07:24:56
21762,1.0,0.2,270.0,2025-04-23 07:14:56
21757,1.0,0.2,265.4,2025-04-23 07:04:56
21756,2.0,0.4,268.8,2025-04-23 07:02:56
21752,1.0,0.2,267.8,2025-04-23 06:54:56
21747,1.0,0.2,257.2,2025-04-23 06:44:56
21745,2.0,0.4,73.6,2025-04-23 06:40:56
21738,2.0,0.4,264.1,2025-04-23 06:26:56
21698,2.0,0.4,253.5,2025-04-23 05:06:55
21689,1.0,0.2,254.0,2025-04-23 04:48:55
21598,3.0,0.6,253.9,2025-04-23 01:38:52
21548,1.0,0.2,267.4,2025-04-22 23:58:49
21533,1.0,0.2,268.2,2025-04-22 23:28:48
21521,2.0,0.4,268.0,2025-04-22 23:04:48
21517,11.0,2.2,268.3,2025-04-22 22:56:47
21511,1.0,0.2,267.9,2025-04-22 22:44:47
21449,1.0,0.2,267.9,2025-04-22 20:40:44
21448,1.0,0.2,268.0,2025-04-22 20:38:44
21427,1.0,0.2,267.6,2025-04-22 19:56:43
21426,14.0,2.8,267.6,2025-04-22 19:54:43
21425,4.0,0.8,262.4,2025-04-22 19:52:43
21412,1.0,0.2,266.5,2025-04-22 19:26:42
21385,2.0,0.4,267.9,2025-04-22 18:32:42
21381,2.0,0.4,267.8,2025-04-22 18:24:41
21378,2.0,0.4,268.3,2025-04-22 18:18:41
21371,2.0,0.4,270.4,2025-04-22 18:04:41
21366,4.0,0.8,271.7,2025-04-22 17:54:41
21354,1.0,0.2,268.5,2025-04-22 17:30:40
21352,2.0,0.4,268.5,2025-04-22 17:26:40
21335,6.0,1.2,258.8,2025-04-22 16:52:39
21333,1.0,0.2,259.7,2025-04-22 16:48:39
21310,4.0,0.8,267.1,2025-04-22 16:02:38
21300,6.0,1.2,260.4,2025-04-22 15:42:38
21267,4.0,0.8,266.8,2025-04-22 14:36:36
21265,1.0,0.2,267.5,2025-04-22 14:32:36
21264,1.0,0.2,254.8,2025-04-22 14:30:36
21262,2.0,0.4,253.0,2025-04-22 14:26:36
21244,2.0,0.4,253.8,2025-04-22 13:50:36
21243,1.0,0.2,253.3,2025-04-22 13:48:36
21241,1.0,0.2,253.3,2025-04-22 13:44:36
21240,2.0,0.4,253.9,2025-04-22 13:42:36
21238,1.0,0.2,253.9,2025-04-22 13:38:36
21237,4.0,0.8,253.9,2025-04-22 13:36:35
21236,10.0,2.0,254.0,2025-04-22 13:34:35
21235,1.0,0.2,254.0,2025-04-22 13:32:35
21224,2.0,0.4,255.1,2025-04-22 13:10:35
21219,5.0,1.0,256.3,2025-04-22 13:00:35
21191,1.0,0.2,259.6,2025-04-22 12:04:33
21182,11.0,2.2,256.3,2025-04-22 11:46:33
21178,2.0,0.4,256.3,2025-04-22 11:38:33
21168,2.0,0.4,271.0,2025-04-22 11:18:33
21166,1.0,0.2,258.0,2025-04-22 11:14:33
21165,1.0,0.2,258.2,2025-04-22 11:12:33
21158,2.0,0.4,259.1,2025-04-22 10:58:33
21149,2.0,0.4,256.0,2025-04-22 10:40:33
21147,1.0,0.2,257.0,2025-04-22 10:36:33
21141,1.0,0.2,255.6,2025-04-22 10:24:32
21134,1.0,0.2,264.5,2025-04-22 10:10:32
21132,3.0,0.6,270.4,2025-04-22 10:06:32
21126,1.0,0.2,278.5,2025-04-22 09:54:32
21124,2.0,0.4,272.3,2025-04-22 09:50:32
21121,1.0,0.2,259.3,2025-04-22 09:44:31
21118,1.0,0.2,270.5,2025-04-22 09:38:31
21117,2.0,0.4,262.1,2025-04-22 09:36:31
21116,1.0,0.2,269.9,2025-04-22 09:34:31
21115,1.0,0.2,275.7,2025-04-22 09:32:31
21105,1.0,0.2,258.9,2025-04-22 09:12:30
21102,1.0,0.2,271.0,2025-04-22 09:06:31
21095,1.0,0.2,258.1,2025-04-22 08:52:30
21088,1.0,0.2,258.0,2025-04-22 08:38:30
21083,1.0,0.2,75.7,2025-04-22 08:28:29
21070,1.0,0.2,274.0,2025-04-22 08:02:29
21069,1.0,0.2,273.6,2025-04-22 08:00:43
21063,1.0,0.2,74.8,2025-04-22 07:48:29
21055,3.0,0.6,260.9,2025-04-22 07:32:29
21047,1.0,0.2,260.9,2025-04-22 07:16:28
21037,2.0,0.4,259.9,2025-04-22 06:56:27
21034,2.0,0.4,266.0,2025-04-22 06:50:27
21031,1.0,0.2,257.7,2025-04-22 06:44:27
21029,1.0,0.2,257.4,2025-04-22 06:40:27
21028,1.0,0.2,257.2,2025-04-22 06:38:27
21013,1.0,0.2,254.2,2025-04-22 06:08:15
21012,2.0,0.4,254.3,2025-04-22 06:06:14
21008,1.0,0.2,249.4,2025-04-22 05:58:08
21005,1.0,0.2,254.1,2025-04-22 05:52:07
21003,1.0,0.2,253.4,2025-04-22 05:46:53
21002,1.0,0.2,253.9,2025-04-22 05:44:52
21000,1.0,0.2,253.8,2025-04-22 05:40:52
20979,2.0,0.4,253.7,2025-04-22 04:58:51
20947,2.0,0.4,253.8,2025-04-22 03:54:50
20926,1.0,0.2,253.5,2025-04-22 03:12:49
20920,1.0,0.2,253.9,2025-04-22 03:00:49
20803,4.0,0.8,253.6,2025-04-21 23:06:42
20725,1.0,0.2,253.7,2025-04-21 20:30:39
20682,1.0,0.2,254.6,2025-04-21 19:04:37
20670,4.0,0.8,254.3,2025-04-21 18:40:36
20614,1.0,0.2,254.4,2025-04-21 16:48:33
20604,1.0,0.2,261.4,2025-04-21 16:28:33
20600,3.0,0.6,255.5,2025-04-21 16:20:32
20588,2.0,0.4,255.1,2025-04-21 15:56:32
20552,1.0,0.2,264.0,2025-04-21 14:44:30
20541,1.0,0.2,255.7,2025-04-21 14:22:30
20540,18.0,3.6,256.0,2025-04-21 14:20:29
20539,8.0,1.6,266.5,2025-04-21 14:18:29
20536,1.0,0.2,256.3,2025-04-21 14:12:29
20530,1.0,0.2,286.9,2025-04-21 14:00:29
20521,1.0,0.2,256.9,2025-04-21 13:42:29
20518,2.0,0.4,255.9,2025-04-21 13:36:29
20517,1.0,0.2,256.2,2025-04-21 13:34:29
20510,1.0,0.2,74.4,2025-04-21 13:20:29
20499,5.0,1.0,257.6,2025-04-21 12:58:28
20492,1.0,0.2,256.4,2025-04-21 12:44:28
20480,2.0,0.4,257.0,2025-04-21 12:20:28
20473,1.0,0.2,256.9,2025-04-21 12:06:27
20464,7.0,1.4,256.4,2025-04-21 11:48:27
20457,2.0,0.4,257.0,2025-04-21 11:34:26
20450,1.0,0.2,256.3,2025-04-21 11:20:26
20439,1.0,0.2,278.0,2025-04-21 10:58:25
20412,1.0,0.2,257.8,2025-04-21 10:04:24
20411,1.0,0.2,257.6,2025-04-21 10:02:24
20410,1.0,0.2,257.3,2025-04-21 10:00:24
20402,1.0,0.2,273.0,2025-04-21 09:44:24
20395,2.0,0.4,259.1,2025-04-21 09:30:23
20394,2.0,0.4,258.5,2025-04-21 09:28:23
20387,1.0,0.2,257.5,2025-04-21 09:14:23
20346,1.0,0.2,260.2,2025-04-21 07:52:21
20341,1.0,0.2,259.9,2025-04-21 07:42:14
20340,1.0,0.2,259.9,2025-04-21 07:40:14
20335,1.0,0.2,259.2,2025-04-21 07:30:07
20330,2.0,0.4,258.8,2025-04-21 07:20:00
20316,1.0,0.2,255.7,2025-04-21 06:50:18
20307,1.0,0.2,250.4,2025-04-21 06:32:18
20306,1.0,0.2,250.5,2025-04-21 06:30:18
20305,1.0,0.2,250.4,2025-04-21 06:28:18
20299,1.0,0.2,249.6,2025-04-21 06:16:17
20286,1.0,0.2,248.8,2025-04-21 05:50:17
20281,1.0,0.2,249.1,2025-04-21 05:40:16
20279,1.0,0.2,253.2,2025-04-21 05:36:17
20277,1.0,0.2,248.6,2025-04-21 05:32:16
20273,1.0,0.2,248.6,2025-04-21 05:24:16
20217,1.0,0.2,248.6,2025-04-21 03:32:14
19993,1.0,0.2,253.0,2025-04-20 20:00:04
19986,1.0,0.2,249.4,2025-04-20 19:46:04
19978,2.0,0.4,249.3,2025-04-20 19:30:03
19977,1.0,0.2,249.3,2025-04-20 19:28:03
19976,2.0,0.4,249.3,2025-04-20 19:26:03
19974,16.0,3.2,249.3,2025-04-20 19:22:03
19972,31.0,6.2,253.5,2025-04-20 19:18:03
19931,3.0,0.6,252.9,2025-04-20 17:56:01
19904,2.0,0.4,253.2,2025-04-20 17:02:00
19883,6.0,1.2,253.4,2025-04-20 16:19:58
19850,1.0,0.2,254.0,2025-04-20 15:13:57
19834,1.0,0.2,253.7,2025-04-20 14:41:56
19827,2.0,0.4,254.9,2025-04-20 14:27:56
19824,1.0,0.2,257.7,2025-04-20 14:21:56
19823,3.0,0.6,254.7,2025-04-20 14:19:56
19776,4.0,0.8,252.3,2025-04-20 12:45:55
19774,1.0,0.2,252.2,2025-04-20 12:41:55
19773,3.0,0.6,251.9,2025-04-20 12:39:55
19771,4.0,0.8,255.4,2025-04-20 12:35:54
19762,1.0,0.2,271.4,2025-04-20 12:17:54
19739,8.0,1.6,257.0,2025-04-20 11:31:53
19736,1.0,0.2,265.1,2025-04-20 11:25:53
19732,1.0,0.2,259.0,2025-04-20 11:17:53
19730,1.0,0.2,258.1,2025-04-20 11:13:53
19720,1.0,0.2,258.1,2025-04-20 10:53:53
19691,1.0,0.2,256.9,2025-04-20 09:55:52
19661,1.0,0.2,255.2,2025-04-20 08:55:51
19655,1.0,0.2,263.0,2025-04-20 08:43:50
19649,1.0,0.2,255.1,2025-04-20 08:31:50
19586,1.0,0.2,254.1,2025-04-20 06:25:47
19581,1.0,0.2,253.5,2025-04-20 06:15:47
19578,2.0,0.4,253.6,2025-04-20 06:09:46
19577,1.0,0.2,253.6,2025-04-20 06:07:46
19571,2.0,0.4,253.6,2025-04-20 05:55:46
19569,1.0,0.2,254.0,2025-04-20 05:51:46
19567,1.0,0.2,253.6,2025-04-20 05:47:46
19565,1.0,0.2,253.5,2025-04-20 05:43:46
19564,1.0,0.2,254.0,2025-04-20 05:41:46
19560,1.0,0.2,253.6,2025-04-20 05:33:45
19471,7.0,1.4,253.6,2025-04-20 02:35:41
19443,1.0,0.2,254.2,2025-04-20 01:39:39
19430,1.0,0.2,254.2,2025-04-20 01:13:39
19399,1.0,0.2,254.4,2025-04-20 00:11:37
19383,1.0,0.2,254.0,2025-04-19 23:39:37
19375,1.0,0.2,254.0,2025-04-19 23:23:36
19369,1.0,0.2,254.0,2025-04-19 23:11:36
19350,1.0,0.2,254.4,2025-04-19 22:33:35
19298,2.0,0.4,254.5,2025-04-19 20:49:32
19242,1.0,0.2,254.9,2025-04-19 18:57:29
19231,1.0,0.2,254.5,2025-04-19 18:35:29
19208,8.0,1.6,255.0,2025-04-19 17:49:28
19193,1.0,0.2,255.2,2025-04-19 17:19:27
19187,1.0,0.2,255.9,2025-04-19 17:07:27
19176,1.0,0.2,255.1,2025-04-19 16:45:26
19172,1.0,0.2,255.3,2025-04-19 16:37:26
19161,1.0,0.2,256.2,2025-04-19 16:15:25
19148,1.0,0.2,271.2,2025-04-19 15:49:25
19141,6.0,1.2,269.6,2025-04-19 15:35:24
19136,1.0,0.2,256.1,2025-04-19 15:25:24
19129,1.0,0.2,256.0,2025-04-19 15:11:24
19125,1.0,0.2,255.2,2025-04-19 15:03:24
19094,2.0,0.4,255.4,2025-04-19 14:01:22
19090,2.0,0.4,74.0,2025-04-19 13:53:23
19084,1.0,0.2,73.4,2025-04-19 13:41:23
19082,2.0,0.4,256.9,2025-04-19 13:37:23
19078,3.0,0.6,76.4,2025-04-19 13:29:18
19056,1.0,0.2,259.8,2025-04-19 12:44:51
19048,1.0,0.2,74.9,2025-04-19 12:28:37
19041,1.0,0.2,259.4,2025-04-19 12:13:21
19040,1.0,0.2,277.2,2025-04-19 12:11:21
19039,1.0,0.2,256.1,2025-04-19 12:09:20
19037,1.0,0.2,273.7,2025-04-19 12:05:20
19033,1.0,0.2,258.5,2025-04-19 11:57:20
19025,1.0,0.2,257.4,2025-04-19 11:41:20
19014,1.0,0.2,257.2,2025-04-19 11:19:19
18972,2.0,0.4,256.8,2025-04-19 09:55:17
18951,2.0,0.4,257.5,2025-04-19 09:13:16
18944,1.0,0.2,258.4,2025-04-19 08:59:16
18943,1.0,0.2,258.1,2025-04-19 08:57:16
18920,1.0,0.2,255.5,2025-04-19 08:11:15
18914,1.0,0.2,255.1,2025-04-19 07:59:14
18910,1.0,0.2,254.6,2025-04-19 07:51:14
18909,1.0,0.2,254.3,2025-04-19 07:49:14
18900,1.0,0.2,255.1,2025-04-19 07:31:14
18898,1.0,0.2,255.0,2025-04-19 07:27:13
18891,1.0,0.2,254.4,2025-04-19 07:13:13
18886,2.0,0.4,254.1,2025-04-19 07:03:13
18880,2.0,0.4,253.9,2025-04-19 06:51:12
18877,1.0,0.2,253.4,2025-04-19 06:45:12
18854,1.0,0.2,248.9,2025-04-19 05:59:11
18843,1.0,0.2,253.5,2025-04-19 05:37:11
18842,1.0,0.2,253.4,2025-04-19 05:35:11
18838,1.0,0.2,252.9,2025-04-19 05:27:10
18836,1.0,0.2,253.4,2025-04-19 05:23:10
18834,1.0,0.2,253.4,2025-04-19 05:19:11
18818,3.0,0.6,253.5,2025-04-19 04:47:09
18645,2.0,0.4,253.1,2025-04-18 23:01:01
18554,1.0,0.2,253.0,2025-04-18 19:58:56
18552,1.0,0.2,253.1,2025-04-18 19:54:56
18548,1.0,0.2,252.9,2025-04-18 19:46:56
18448,1.0,0.2,253.1,2025-04-18 16:26:51
18444,1.0,0.2,253.6,2025-04-18 16:18:44
18442,1.0,0.2,253.1,2025-04-18 16:14:44
18430,1.0,0.2,253.0,2025-04-18 15:50:30
18424,1.0,0.2,252.8,2025-04-18 15:38:16
18416,1.0,0.2,253.1,2025-04-18 15:22:09
18410,1.0,0.2,249.1,2025-04-18 15:10:02
18407,1.0,0.2,253.0,2025-04-18 15:02:49
18406,2.0,0.4,248.9,2025-04-18 15:00:49
18404,1.0,0.2,252.5,2025-04-18 14:56:49
18403,1.0,0.2,252.6,2025-04-18 14:54:49
18396,1.0,0.2,248.9,2025-04-18 14:40:49
18395,5.0,1.0,252.1,2025-04-18 14:38:49
18394,6.0,1.2,251.9,2025-04-18 14:36:49
18393,5.0,1.0,251.2,2025-04-18 14:34:49
18392,5.0,1.0,252.6,2025-04-18 14:32:49
18391,6.0,1.2,252.7,2025-04-18 14:30:49
18390,10.0,2.0,252.7,2025-04-18 14:28:49
18389,9.0,1.8,252.2,2025-04-18 14:26:49
18388,7.0,1.4,254.5,2025-04-18 14:24:49
18384,1.0,0.2,73.4,2025-04-18 14:16:53
18379,5.0,1.0,73.5,2025-04-18 14:06:49
18367,2.0,0.4,254.8,2025-04-18 13:42:49
18357,2.0,0.4,271.0,2025-04-18 13:22:49
18355,1.0,0.2,256.9,2025-04-18 13:18:49
18334,1.0,0.2,257.2,2025-04-18 12:36:48
18312,1.0,0.2,73.9,2025-04-18 11:52:47
18296,4.0,0.8,257.2,2025-04-18 11:20:46
18295,2.0,0.4,257.6,2025-04-18 11:18:46
18268,1.0,0.2,270.4,2025-04-18 10:24:44
18256,1.0,0.2,255.5,2025-04-18 10:00:44
18248,1.0,0.2,288.2,2025-04-18 09:44:43
18245,1.0,0.2,255.0,2025-04-18 09:38:43
18242,1.0,0.2,255.1,2025-04-18 09:32:43
18223,1.0,0.2,254.9,2025-04-18 08:54:42
18204,3.0,0.6,254.9,2025-04-18 08:16:41
18203,2.0,0.4,268.6,2025-04-18 08:14:41
18182,3.0,0.6,257.3,2025-04-18 07:32:40
18160,1.0,0.2,254.2,2025-04-18 06:48:39
18152,1.0,0.2,254.2,2025-04-18 06:32:38
18145,1.0,0.2,253.9,2025-04-18 06:18:38
18136,1.0,0.2,253.6,2025-04-18 06:00:38
18134,1.0,0.2,253.6,2025-04-18 05:56:38
18132,1.0,0.2,253.4,2025-04-18 05:52:37
18130,1.0,0.2,253.4,2025-04-18 05:48:37
18128,1.0,0.2,253.5,2025-04-18 05:44:37
18119,1.0,0.2,253.4,2025-04-18 05:26:37
18118,1.0,0.2,253.4,2025-04-18 05:24:37
18117,1.0,0.2,253.4,2025-04-18 05:22:37
18115,1.0,0.2,253.5,2025-04-18 05:18:37
18046,3.0,0.6,253.4,2025-04-18 03:00:33
17936,3.0,0.6,253.4,2025-04-17 23:20:29
17935,2.0,0.4,253.4,2025-04-17 23:18:27
17885,2.0,0.4,253.5,2025-04-17 21:38:25
17875,1.0,0.2,253.4,2025-04-17 21:18:25
17842,3.0,0.6,253.5,2025-04-17 20:12:23
17827,1.0,0.2,253.4,2025-04-17 19:42:23
17826,4.0,0.8,253.4,2025-04-17 19:40:23
17821,1.0,0.2,253.5,2025-04-17 19:30:23
17778,1.0,0.2,253.9,2025-04-17 18:04:21
17766,1.0,0.2,254.3,2025-04-17 17:40:20
17742,4.0,0.8,254.1,2025-04-17 16:52:19
17741,5.0,1.0,254.3,2025-04-17 16:50:19
17740,3.0,0.6,254.3,2025-04-17 16:48:19
17721,2.0,0.4,73.3,2025-04-17 16:10:18
17701,7.0,1.4,73.3,2025-04-17 15:30:17
17696,1.0,0.2,73.5,2025-04-17 15:20:17
17675,1.0,0.2,72.0,2025-04-17 14:38:15
17670,2.0,0.4,255.4,2025-04-17 14:28:15
17622,8.0,1.6,255.9,2025-04-17 12:52:14
17617,1.0,0.2,75.8,2025-04-17 12:42:14
17606,3.0,0.6,75.4,2025-04-17 12:20:13
17598,1.0,0.2,257.8,2025-04-17 12:04:13
17587,1.0,0.2,75.9,2025-04-17 11:42:12
17574,3.0,0.6,255.4,2025-04-17 11:16:12
17573,1.0,0.2,256.9,2025-04-17 11:14:12
17568,1.0,0.2,76.0,2025-04-17 11:04:11
17562,1.0,0.2,74.5,2025-04-17 10:52:11
17559,6.0,1.2,255.6,2025-04-17 10:46:11
17554,1.0,0.2,275.3,2025-04-17 10:36:11
17550,1.0,0.2,255.8,2025-04-17 10:28:10
17549,2.0,0.4,256.3,2025-04-17 10:26:10
17542,1.0,0.2,256.1,2025-04-17 10:12:10
17540,1.0,0.2,255.3,2025-04-17 10:08:10
17526,1.0,0.2,255.1,2025-04-17 09:40:09
17517,1.0,0.2,256.3,2025-04-17 09:22:09
17515,1.0,0.2,275.6,2025-04-17 09:18:09
17489,1.0,0.2,255.2,2025-04-16 16:26:03
17480,1.0,0.2,255.3,2025-04-16 16:08:03
17479,1.0,0.2,255.0,2025-04-16 16:06:03
17477,2.0,0.4,254.9,2025-04-16 16:02:03
17461,1.0,0.2,254.9,2025-04-16 15:30:02
17441,1.0,0.2,255.2,2025-04-16 14:50:01
17439,1.0,0.2,255.4,2025-04-16 14:46:01
17411,4.0,0.8,255.7,2025-04-16 13:50:01
17399,2.0,0.4,74.0,2025-04-16 13:26:00
17393,2.0,0.4,256.8,2025-04-16 13:14:00
17387,7.0,1.4,76.1,2025-04-16 13:01:59
17385,1.0,0.2,259.5,2025-04-16 12:57:59
17367,2.0,0.4,258.6,2025-04-16 12:21:58
17365,1.0,0.2,259.5,2025-04-16 12:17:58
17327,1.0,0.2,258.0,2025-04-16 11:01:56
17315,1.0,0.2,255.5,2025-04-16 10:37:56
17305,3.0,0.6,256.4,2025-04-16 10:17:55
17303,1.0,0.2,257.5,2025-04-16 10:13:55
17295,1.0,0.2,274.0,2025-04-16 09:57:55
17292,3.0,0.6,257.3,2025-04-16 09:51:54
17291,1.0,0.2,257.4,2025-04-16 09:49:54
17276,1.0,0.2,276.4,2025-04-16 09:19:54
17275,1.0,0.2,261.0,2025-04-16 09:17:54
17274,3.0,0.6,276.4,2025-04-16 09:15:54
17267,1.0,0.2,260.1,2025-04-16 09:01:53
17249,1.0,0.2,258.7,2025-04-16 08:25:52
17241,2.0,0.4,260.3,2025-04-16 08:09:52
17239,1.0,0.2,260.1,2025-04-16 08:05:52
17225,2.0,0.4,257.3,2025-04-16 07:37:51
17223,1.0,0.2,257.5,2025-04-16 07:33:51
17203,2.0,0.4,256.7,2025-04-16 06:53:51
17201,1.0,0.2,256.6,2025-04-16 06:49:51
17177,1.0,0.2,254.3,2025-04-16 06:01:50
17176,1.0,0.2,253.8,2025-04-16 05:59:50
17166,1.0,0.2,254.1,2025-04-16 05:39:50
17160,1.0,0.2,254.0,2025-04-16 05:27:50
17158,1.0,0.2,253.5,2025-04-16 05:23:50
17155,1.0,0.2,254.0,2025-04-16 05:17:49
17154,1.0,0.2,254.0,2025-04-16 05:15:49
17150,1.0,0.2,253.6,2025-04-16 05:07:49
17149,1.0,0.2,253.7,2025-04-16 05:05:49
17148,1.0,0.2,253.7,2025-04-16 05:03:49
17138,1.0,0.2,254.1,2025-04-16 04:43:48
17021,3.0,0.6,254.5,2025-04-16 00:49:43
16973,1.0,0.2,254.0,2025-04-15 23:13:40
16969,2.0,0.4,253.8,2025-04-15 23:05:40
16968,5.0,1.0,254.4,2025-04-15 23:03:40
16914,1.0,0.2,253.9,2025-04-15 21:15:37
16892,1.0,0.2,253.8,2025-04-15 20:31:36
16890,2.0,0.4,254.7,2025-04-15 20:27:36
16884,2.0,0.4,254.6,2025-04-15 20:15:36
16865,1.0,0.2,255.0,2025-04-15 19:37:35
16838,1.0,0.2,254.0,2025-04-15 18:43:33
16830,1.0,0.2,254.0,2025-04-15 18:27:33
16829,2.0,0.4,254.1,2025-04-15 18:25:33
16813,8.0,1.6,254.7,2025-04-15 17:53:32
16775,1.0,0.2,254.8,2025-04-15 16:37:30
16754,1.0,0.2,255.6,2025-04-15 15:55:29
16722,1.0,0.2,74.4,2025-04-15 14:51:28
16718,5.0,1.0,270.8,2025-04-15 14:43:28
16683,1.0,0.2,256.3,2025-04-15 13:33:27
16666,2.0,0.4,273.5,2025-04-15 12:59:26
16665,1.0,0.2,286.7,2025-04-15 12:57:26
16661,1.0,0.2,257.4,2025-04-15 12:49:26
16650,1.0,0.2,278.8,2025-04-15 12:27:25
16627,1.0,0.2,282.3,2025-04-15 11:41:24
16623,1.0,0.2,285.6,2025-04-15 11:33:24
16606,2.0,0.4,257.8,2025-04-15 10:59:23
16599,1.0,0.2,273.3,2025-04-15 10:45:22
16597,2.0,0.4,273.0,2025-04-15 10:41:22
16591,1.0,0.2,255.7,2025-04-15 10:29:22
16590,2.0,0.4,256.8,2025-04-15 10:27:22
16587,1.0,0.2,289.9,2025-04-15 10:21:22
16582,2.0,0.4,286.3,2025-04-15 10:11:21
16568,1.0,0.2,257.4,2025-04-15 09:43:21
16564,2.0,0.4,276.5,2025-04-15 09:35:21
16560,1.0,0.2,257.2,2025-04-15 09:27:21
16559,1.0,0.2,257.5,2025-04-15 09:25:20
16511,3.0,0.6,258.4,2025-04-15 07:49:18
16489,2.0,0.4,75.8,2025-04-15 07:05:17
16485,1.0,0.2,75.1,2025-04-15 06:57:16
16483,2.0,0.4,256.3,2025-04-15 06:53:16
16475,1.0,0.2,252.1,2025-04-15 06:37:16
16469,1.0,0.2,255.1,2025-04-15 06:25:16
16438,1.0,0.2,253.9,2025-04-15 05:23:14
16437,2.0,0.4,253.4,2025-04-15 05:21:14
16423,1.0,0.2,253.8,2025-04-15 04:53:13
16419,1.0,0.2,254.0,2025-04-15 04:45:13
16418,1.0,0.2,249.1,2025-04-15 04:43:13
16414,1.0,0.2,254.0,2025-04-15 04:35:13
16408,1.0,0.2,254.1,2025-04-15 04:23:12
16390,1.0,0.2,253.7,2025-04-15 03:47:12
16261,1.0,0.2,253.5,2025-04-14 23:27:06
16189,2.0,0.4,254.2,2025-04-14 21:03:02
16123,3.0,0.6,253.8,2025-04-14 18:51:00
16114,1.0,0.2,253.6,2025-04-14 18:33:00
16103,1.0,0.2,253.5,2025-04-14 18:10:55
16081,1.0,0.2,254.2,2025-04-14 17:00:59
16015,1.0,0.2,256.2,2025-04-14 14:48:36
16005,1.0,0.2,255.1,2025-04-14 14:28:22
16004,3.0,0.6,255.2,2025-04-14 14:26:22
16003,2.0,0.4,256.1,2025-04-14 14:24:22
15980,2.0,0.4,255.2,2025-04-14 13:37:49
15952,2.0,0.4,256.7,2025-04-14 12:40:53
15947,1.0,0.2,75.4,2025-04-14 12:30:53
15943,3.0,0.6,255.0,2025-04-14 12:22:53
15942,3.0,0.6,255.0,2025-04-14 12:20:53
15936,1.0,0.2,254.7,2025-04-14 12:08:53
15917,1.0,0.2,255.2,2025-04-14 11:30:52
15902,1.0,0.2,255.5,2025-04-14 11:00:51
15900,1.0,0.2,255.1,2025-04-14 10:56:51
15894,4.0,0.8,254.9,2025-04-14 10:44:50
15886,1.0,0.2,254.9,2025-04-14 10:28:50
15882,1.0,0.2,254.3,2025-04-14 10:20:50
15881,1.0,0.2,255.2,2025-04-14 10:18:50
15870,1.0,0.2,277.3,2025-04-14 09:56:49
15860,2.0,0.4,255.9,2025-04-14 09:36:49
15852,2.0,0.4,274.0,2025-04-14 09:20:49
15851,1.0,0.2,274.4,2025-04-14 09:18:48
15841,1.0,0.2,275.6,2025-04-14 08:58:48
15831,1.0,0.2,255.5,2025-04-14 08:38:47
15815,1.0,0.2,254.3,2025-04-14 08:06:47
15814,1.0,0.2,254.4,2025-04-14 08:04:46
15802,1.0,0.2,253.2,2025-04-14 07:40:46
15801,3.0,0.6,253.5,2025-04-14 07:38:46
15800,2.0,0.4,253.5,2025-04-14 07:36:46
15796,1.0,0.2,253.1,2025-04-14 07:28:46
15794,1.0,0.2,253.0,2025-04-14 07:24:46
15783,1.0,0.2,253.1,2025-04-14 07:02:45
15781,1.0,0.2,253.1,2025-04-14 06:58:45
15779,1.0,0.2,252.8,2025-04-14 06:54:45
15778,1.0,0.2,252.9,2025-04-14 06:52:45
15776,1.0,0.2,252.9,2025-04-14 06:48:45
15773,2.0,0.4,253.0,2025-04-14 06:42:44
15761,15.0,3.0,253.5,2025-04-14 06:18:44
15760,62.0,12.4,253.5,2025-04-14 06:16:44
15759,39.0,7.8,253.2,2025-04-14 06:12:44
15758,2.0,0.4,253.2,2025-04-14 06:10:44
15757,4.0,0.8,253.3,2025-04-14 06:08:44
15752,1.0,0.2,253.4,2025-04-14 05:58:44
15560,2.0,0.4,253.4,2025-04-13 23:00:36
15542,1.0,0.2,253.8,2025-04-13 22:24:35
15506,2.0,0.4,249.3,2025-04-13 21:12:34
15491,3.0,0.6,253.3,2025-04-13 20:42:33
15489,2.0,0.4,252.8,2025-04-13 20:38:33
15487,3.0,0.6,253.2,2025-04-13 20:34:33
15486,1.0,0.2,252.8,2025-04-13 20:32:33
15485,10.0,2.0,252.8,2025-04-13 20:30:33
15467,1.0,0.2,253.0,2025-04-13 19:54:32
15462,1.0,0.2,253.0,2025-04-13 19:44:31
15457,2.0,0.4,253.3,2025-04-13 19:34:31
15452,33.0,6.6,249.5,2025-04-13 19:24:31
15451,9.0,1.8,253.2,2025-04-13 19:22:31
15446,3.0,0.6,249.6,2025-04-13 19:12:31
15408,1.0,0.2,252.1,2025-04-13 17:56:28
15407,1.0,0.2,251.8,2025-04-13 17:54:29
15398,2.0,0.4,252.2,2025-04-13 17:36:28
15397,1.0,0.2,252.9,2025-04-13 17:34:28
15396,2.0,0.4,252.4,2025-04-13 17:32:28
15395,2.0,0.4,252.8,2025-04-13 17:30:28
15393,1.0,0.2,252.9,2025-04-13 17:26:28
15392,3.0,0.6,252.2,2025-04-13 17:24:28
15391,2.0,0.4,252.0,2025-04-13 17:22:28
15388,2.0,0.4,252.1,2025-04-13 17:16:28
15386,2.0,0.4,253.1,2025-04-13 17:12:27
15384,1.0,0.2,253.1,2025-04-13 17:08:28
15382,2.0,0.4,253.3,2025-04-13 17:04:27
15380,2.0,0.4,253.1,2025-04-13 17:00:27
15379,2.0,0.4,253.9,2025-04-13 16:58:27
15378,1.0,0.2,253.4,2025-04-13 16:56:27
15364,1.0,0.2,254.6,2025-04-13 16:28:27
15355,2.0,0.4,75.2,2025-04-13 16:10:26
15329,3.0,0.6,256.7,2025-04-13 15:18:25
15300,2.0,0.4,257.3,2025-04-13 14:20:23
15289,5.0,1.0,257.2,2025-04-13 13:58:24
15285,1.0,0.2,256.9,2025-04-13 13:50:24
15284,2.0,0.4,257.1,2025-04-13 13:48:24
15280,2.0,0.4,277.4,2025-04-13 13:40:23
15272,2.0,0.4,276.2,2025-04-13 13:24:23
15267,2.0,0.4,75.1,2025-04-13 13:14:23
15254,1.0,0.2,259.7,2025-04-13 12:48:22
15236,1.0,0.2,260.1,2025-04-13 12:12:21
15200,1.0,0.2,278.3,2025-04-13 11:00:20
15194,2.0,0.4,256.5,2025-04-13 10:48:19
15192,1.0,0.2,272.7,2025-04-13 10:44:19
15191,2.0,0.4,256.8,2025-04-13 10:42:19
15190,1.0,0.2,256.7,2025-04-13 10:40:19
15188,2.0,0.4,289.0,2025-04-13 10:36:19
15185,3.0,0.6,257.3,2025-04-13 10:30:19
15183,1.0,0.2,286.1,2025-04-13 10:26:19
15177,1.0,0.2,257.7,2025-04-13 10:14:18
15162,1.0,0.2,257.6,2025-04-13 09:44:17
15161,1.0,0.2,257.9,2025-04-13 09:42:17
15155,2.0,0.4,75.6,2025-04-13 09:30:17
15146,1.0,0.2,271.2,2025-04-13 09:12:17
15133,1.0,0.2,257.3,2025-04-13 08:46:16
15130,2.0,0.4,256.8,2025-04-13 08:40:16
15127,1.0,0.2,272.7,2025-04-13 08:34:16
15120,1.0,0.2,271.7,2025-04-13 08:20:15
15119,1.0,0.2,285.1,2025-04-13 08:18:15
15114,1.0,0.2,272.1,2025-04-13 08:08:15
15108,1.0,0.2,284.3,2025-04-13 07:56:15
15106,1.0,0.2,288.3,2025-04-13 07:52:15
15092,3.0,0.6,75.2,2025-04-13 07:24:14
15088,1.0,0.2,273.9,2025-04-13 07:16:14
15087,1.0,0.2,258.0,2025-04-13 07:14:14
15085,1.0,0.2,276.3,2025-04-13 07:10:14
15083,1.0,0.2,256.7,2025-04-13 07:06:14
15081,1.0,0.2,257.6,2025-04-13 07:02:14
14991,2.0,0.4,254.4,2025-04-13 04:02:09
14959,1.0,0.2,254.5,2025-04-13 02:58:07
14857,1.0,0.2,254.4,2025-04-12 23:34:04
14842,1.0,0.2,254.5,2025-04-12 23:04:03
14777,1.0,0.2,254.6,2025-04-12 20:54:00
14745,1.0,0.2,255.0,2025-04-12 19:49:58
14743,1.0,0.2,254.0,2025-04-12 19:45:58
14734,1.0,0.2,255.0,2025-04-12 19:27:58
14708,1.0,0.2,254.9,2025-04-12 18:35:56
14696,4.0,0.8,270.6,2025-04-12 18:11:56
14681,1.0,0.2,254.6,2025-04-12 17:41:55
14651,1.0,0.2,255.6,2025-04-12 16:41:53
14640,1.0,0.2,255.0,2025-04-12 16:19:54
14634,1.0,0.2,74.3,2025-04-12 16:07:53
14628,1.0,0.2,255.1,2025-04-12 15:55:52
14627,28.0,5.6,255.3,2025-04-12 15:53:52
14626,18.0,3.6,254.8,2025-04-12 15:51:52
14625,85.0,17.0,254.9,2025-04-12 15:49:52
14624,28.0,5.6,74.7,2025-04-12 15:47:52
14621,24.0,4.8,255.3,2025-04-12 15:41:52
14620,2.0,0.4,74.1,2025-04-12 15:39:52
14619,8.0,1.6,75.1,2025-04-12 15:37:52
14618,28.0,5.6,250.4,2025-04-12 15:35:52
14617,21.0,4.2,250.7,2025-04-12 15:33:52
14614,2.0,0.4,64.3,2025-04-12 15:27:52
14580,2.0,0.4,244.2,2025-04-12 14:19:50
14567,4.0,0.8,66.3,2025-04-12 13:53:51
14560,1.0,0.2,243.6,2025-04-12 13:39:51
14554,3.0,0.6,245.4,2025-04-12 13:27:51
14543,1.0,0.2,247.3,2025-04-12 13:05:50
14527,2.0,0.4,247.2,2025-04-12 12:33:49
14520,1.0,0.2,68.0,2025-04-12 12:19:49
14509,1.0,0.2,67.1,2025-04-12 11:57:48
14489,1.0,0.2,246.0,2025-04-12 11:17:47
14487,1.0,0.2,237.7,2025-04-12 11:13:47
14478,1.0,0.2,235.0,2025-04-12 10:55:47
14474,1.0,0.2,243.5,2025-04-12 10:47:47
14463,1.0,0.2,244.7,2025-04-12 10:25:47
14462,1.0,0.2,244.0,2025-04-12 10:23:47
14453,1.0,0.2,255.3,2025-04-12 10:05:46
14451,2.0,0.4,244.9,2025-04-12 10:01:45
14450,1.0,0.2,244.7,2025-04-12 09:59:45
14449,1.0,0.2,255.8,2025-04-12 09:57:45
14443,1.0,0.2,254.2,2025-04-12 09:45:45
14439,1.0,0.2,247.5,2025-04-12 09:37:45
14434,1.0,0.2,238.2,2025-04-12 09:27:45
14433,1.0,0.2,237.5,2025-04-12 09:25:45
14428,1.0,0.2,248.1,2025-04-12 09:15:45
14424,1.0,0.2,238.2,2025-04-12 09:07:44
14423,1.0,0.2,249.2,2025-04-12 09:05:44
14417,1.0,0.2,260.9,2025-04-12 08:53:44
14405,1.0,0.2,67.2,2025-04-12 08:29:43
14404,3.0,0.6,66.9,2025-04-12 08:27:43
14390,1.0,0.2,236.2,2025-04-12 07:59:42
14389,1.0,0.2,240.4,2025-04-12 07:57:42
14378,3.0,0.6,234.7,2025-04-12 07:35:42
14375,2.0,0.4,234.2,2025-04-12 07:29:42
14362,2.0,0.4,243.1,2025-04-12 07:03:41
14352,1.0,0.2,233.1,2025-04-12 06:43:40
14327,1.0,0.2,232.5,2025-04-12 05:53:39
14294,1.0,0.2,232.1,2025-04-12 04:47:38
14293,2.0,0.4,232.6,2025-04-12 04:45:38
14290,1.0,0.2,232.6,2025-04-12 04:39:37
14289,1.0,0.2,232.2,2025-04-12 04:37:37
14285,1.0,0.2,242.3,2025-04-12 04:29:37
14278,1.0,0.2,242.0,2025-04-12 04:15:37
14263,6.0,1.2,242.4,2025-04-12 03:45:36
14165,3.0,0.6,232.2,2025-04-12 00:29:31
14145,4.0,0.8,231.8,2025-04-11 23:49:30
14131,1.0,0.2,232.2,2025-04-11 23:21:29
14127,13.0,2.6,232.2,2025-04-11 23:13:29
14126,5.0,1.0,232.3,2025-04-11 23:11:29
14121,2.0,0.4,232.2,2025-04-11 23:01:29
14086,25.0,5.0,231.8,2025-04-11 21:51:27
14042,1.0,0.2,231.8,2025-04-11 20:23:25
14039,1.0,0.2,231.8,2025-04-11 20:17:25
14030,2.0,0.4,232.6,2025-04-11 19:59:24
14027,1.0,0.2,231.9,2025-04-11 19:53:24
14024,1.0,0.2,231.8,2025-04-11 19:47:24
14023,1.0,0.2,232.3,2025-04-11 19:45:24
14022,3.0,0.6,242.5,2025-04-11 19:43:24
14013,9.0,1.8,232.2,2025-04-11 19:25:23
13989,2.0,0.4,242.3,2025-04-11 18:37:22
13986,2.0,0.4,231.6,2025-04-11 18:31:22
13974,1.0,0.2,231.7,2025-04-11 18:07:21
13963,9.0,1.8,231.7,2025-04-11 17:45:21
13962,14.0,2.8,232.6,2025-04-11 17:43:21
13944,1.0,0.2,231.8,2025-04-11 17:07:20
13931,4.0,0.8,231.6,2025-04-11 16:41:20
13924,11.0,2.2,242.4,2025-04-11 16:27:19
13920,3.0,0.6,243.8,2025-04-11 16:19:19
13919,1.0,0.2,242.2,2025-04-11 16:17:19
13917,4.0,0.8,243.2,2025-04-11 16:13:19
13912,1.0,0.2,232.4,2025-04-11 16:03:18
13904,2.0,0.4,232.3,2025-04-11 15:47:18
13890,1.0,0.2,242.6,2025-04-11 15:19:17
13885,2.0,0.4,243.3,2025-04-11 15:09:17
13831,1.0,0.2,244.3,2025-04-11 13:21:14
13817,2.0,0.4,245.6,2025-04-11 12:53:14
13814,2.0,0.4,67.3,2025-04-11 12:47:14
13782,4.0,0.8,237.8,2025-04-11 11:43:04
13768,3.0,0.6,246.3,2025-04-11 11:14:43
13755,1.0,0.2,233.2,2025-04-11 10:48:29
13743,2.0,0.4,243.9,2025-04-11 10:24:09
13741,5.0,1.0,237.0,2025-04-11 10:20:08
13740,1.0,0.2,244.2,2025-04-11 10:18:09
13739,1.0,0.2,243.7,2025-04-11 10:16:08
13736,1.0,0.2,244.0,2025-04-11 10:10:02
13720,1.0,0.2,247.9,2025-04-11 09:37:41
13712,1.0,0.2,240.4,2025-04-11 09:21:27
13706,1.0,0.2,248.1,2025-04-11 09:09:20
13705,1.0,0.2,240.7,2025-04-11 08:57:08
13699,1.0,0.2,66.3,2025-04-11 08:45:08
13695,2.0,0.4,237.7,2025-04-11 08:37:08
13694,2.0,0.4,66.9,2025-04-11 08:35:08
13690,4.0,0.8,247.4,2025-04-11 08:27:08
13686,1.0,0.2,66.4,2025-04-11 08:19:07
13684,3.0,0.6,244.9,2025-04-11 08:15:07
13681,6.0,1.2,236.7,2025-04-11 08:09:07
13680,2.0,0.4,66.3,2025-04-11 08:07:07
13677,2.0,0.4,255.9,2025-04-11 08:01:07
13674,5.0,1.0,246.4,2025-04-11 07:55:07
13673,20.0,4.0,241.8,2025-04-11 07:53:07
13672,1.0,0.2,246.1,2025-04-11 07:51:07
13671,4.0,0.8,246.6,2025-04-11 07:49:07
13667,2.0,0.4,240.0,2025-04-11 07:41:07
13665,2.0,0.4,242.5,2025-04-11 07:37:06
13664,1.0,0.2,239.7,2025-04-11 07:35:06
13654,2.0,0.4,234.9,2025-04-11 07:15:06
13653,2.0,0.4,238.2,2025-04-11 07:13:06
13652,1.0,0.2,234.4,2025-04-11 07:11:06
13649,3.0,0.6,65.3,2025-04-11 07:05:06
13648,7.0,1.4,65.3,2025-04-11 07:03:06
13646,2.0,0.4,65.7,2025-04-11 06:59:05
13643,1.0,0.2,242.4,2025-04-11 06:53:05
13641,2.0,0.4,242.6,2025-04-11 06:49:05
13639,9.0,1.8,242.3,2025-04-11 06:45:05
13638,1.0,0.2,242.4,2025-04-11 06:43:05
13634,3.0,0.6,242.1,2025-04-11 06:35:05
13628,5.0,1.0,241.5,2025-04-11 06:23:05
13626,4.0,0.8,242.1,2025-04-11 06:19:04
13619,1.0,0.2,242.1,2025-04-11 06:05:04
13595,1.0,0.2,241.8,2025-04-11 05:17:03
13594,1.0,0.2,241.8,2025-04-11 05:15:03
13591,1.0,0.2,241.8,2025-04-11 05:09:03
13587,1.0,0.2,241.5,2025-04-11 05:01:03
13585,1.0,0.2,241.5,2025-04-11 04:57:02
13583,1.0,0.2,241.5,2025-04-11 04:53:02
13581,3.0,0.6,241.5,2025-04-11 04:49:02
13580,1.0,0.2,241.0,2025-04-11 04:47:02
13573,2.0,0.4,210.4,2025-04-11 04:33:02
13562,3.0,0.6,241.5,2025-04-11 04:11:01
13551,2.0,0.4,241.5,2025-04-11 03:49:01
13537,2.0,0.4,241.9,2025-04-11 03:21:00
13529,4.0,0.8,241.4,2025-04-11 03:05:00
13419,1.0,0.2,241.6,2025-04-10 23:24:54
13417,5.0,1.0,241.6,2025-04-10 23:20:54
13345,3.0,0.6,241.0,2025-04-10 20:56:50
13307,1.0,0.2,241.5,2025-04-10 19:40:48
13297,2.0,0.4,241.5,2025-04-10 19:20:48
13280,2.0,0.4,241.5,2025-04-10 18:46:47
13279,3.0,0.6,241.1,2025-04-10 18:44:47
13267,1.0,0.2,241.5,2025-04-10 18:20:46
13254,1.0,0.2,241.1,2025-04-10 17:54:46
13252,4.0,0.8,240.9,2025-04-10 17:50:46
13242,1.0,0.2,241.0,2025-04-10 17:30:45
13237,2.0,0.4,240.1,2025-04-10 17:20:45
13189,6.0,1.2,242.9,2025-04-10 15:44:42
13158,4.0,0.8,174.1,2025-04-10 14:42:41
13140,3.0,0.6,243.8,2025-04-10 14:06:40
13133,1.0,0.2,243.9,2025-04-10 13:52:40
13125,1.0,0.2,243.2,2025-04-10 13:36:39
13099,3.0,0.6,243.8,2025-04-10 12:44:38
13097,2.0,0.4,243.6,2025-04-10 12:40:38
13065,3.0,0.6,245.7,2025-04-10 11:36:36
13048,2.0,0.4,245.2,2025-04-10 11:02:35
13017,1.0,0.2,243.9,2025-04-10 10:00:34
13008,2.0,0.4,244.0,2025-04-10 09:42:33
13003,3.0,0.6,243.4,2025-04-10 09:32:33
13002,1.0,0.2,243.7,2025-04-10 09:30:33
13001,1.0,0.2,244.3,2025-04-10 09:28:33
12993,2.0,0.4,245.1,2025-04-10 09:12:33
12983,3.0,0.6,244.5,2025-04-10 08:52:32
12949,1.0,0.2,244.5,2025-04-10 07:44:30
12943,1.0,0.2,243.8,2025-04-10 07:32:30
12922,1.0,0.2,242.3,2025-04-10 06:50:29
12920,1.0,0.2,242.1,2025-04-10 06:46:29
12859,1.0,0.2,241.5,2025-04-10 04:44:25
12713,2.0,0.4,241.8,2025-04-09 23:52:19
12621,5.0,1.0,241.3,2025-04-09 20:48:14
12577,2.0,0.4,241.7,2025-04-09 19:20:12
12533,1.0,0.2,241.3,2025-04-09 17:40:11
12524,1.0,0.2,241.7,2025-04-09 17:22:11
12523,1.0,0.2,241.3,2025-04-09 17:20:10
12521,1.0,0.2,241.8,2025-04-09 17:16:10
12515,1.0,0.2,241.3,2025-04-09 17:04:10
12509,1.0,0.2,241.4,2025-04-09 16:52:10
12506,1.0,0.2,241.7,2025-04-09 16:46:09
12504,1.0,0.2,242.1,2025-04-09 16:42:09
12500,2.0,0.4,242.6,2025-04-09 16:34:09
12478,1.0,0.2,65.7,2025-04-09 15:50:08
12477,2.0,0.4,65.8,2025-04-09 15:48:08
12476,1.0,0.2,65.3,2025-04-09 15:46:08
12472,6.0,1.2,243.8,2025-04-09 15:38:08
12458,1.0,0.2,66.2,2025-04-09 15:10:07
12454,2.0,0.4,65.6,2025-04-09 15:02:07
12451,2.0,0.4,65.8,2025-04-09 14:56:07
12418,1.0,0.2,65.4,2025-04-09 13:50:05
12402,2.0,0.4,65.6,2025-04-09 13:18:04
12374,1.0,0.2,238.5,2025-04-09 12:22:04
12340,2.0,0.4,244.4,2025-04-09 11:14:04
12336,1.0,0.2,67.0,2025-04-09 11:06:03
12335,1.0,0.2,234.4,2025-04-09 11:04:03
12331,2.0,0.4,243.0,2025-04-09 10:56:03
12314,1.0,0.2,235.2,2025-04-09 10:22:02
12302,1.0,0.2,244.6,2025-04-09 09:58:02
12254,1.0,0.2,246.5,2025-04-09 08:21:59
12253,2.0,0.4,245.3,2025-04-09 08:19:59
12246,1.0,0.2,245.7,2025-04-09 08:05:59
12232,4.0,0.8,244.8,2025-04-09 07:37:58
12216,3.0,0.6,66.5,2025-04-09 07:05:57
12211,1.0,0.2,66.1,2025-04-09 06:55:57
12206,1.0,0.2,66.4,2025-04-09 06:45:57
12199,1.0,0.2,241.6,2025-04-09 06:31:56
12158,1.0,0.2,241.4,2025-04-09 05:09:54
12156,1.0,0.2,241.4,2025-04-09 05:05:54
12138,2.0,0.4,241.3,2025-04-09 04:29:54
11995,3.0,0.6,241.5,2025-04-08 23:43:46
11805,9.0,1.8,241.0,2025-04-08 17:23:38
11778,2.0,0.4,242.7,2025-04-08 15:21:47
11735,4.0,0.8,243.8,2025-04-08 13:55:45
11687,4.0,0.8,238.4,2025-04-08 12:19:43
11676,1.0,0.2,67.8,2025-04-08 11:57:43
11668,2.0,0.4,67.6,2025-04-08 11:41:42
11647,3.0,0.6,243.2,2025-04-08 10:59:41
11645,3.0,0.6,243.5,2025-04-08 10:55:41
11642,3.0,0.6,66.0,2025-04-08 10:49:41
11639,1.0,0.2,243.1,2025-04-08 10:43:41
11633,1.0,0.2,244.0,2025-04-08 10:31:41
11632,2.0,0.4,245.5,2025-04-08 10:29:41
11628,4.0,0.8,244.5,2025-04-08 10:21:40
11625,1.0,0.2,243.9,2025-04-08 10:15:40
11619,2.0,0.4,246.1,2025-04-08 10:03:40
11605,1.0,0.2,247.0,2025-04-08 09:35:39
11604,2.0,0.4,247.6,2025-04-08 09:33:39
11596,1.0,0.2,248.1,2025-04-08 09:17:39
11592,1.0,0.2,247.0,2025-04-08 09:09:39
11591,2.0,0.4,247.0,2025-04-08 09:07:39
11582,1.0,0.2,245.3,2025-04-08 08:49:38
11573,1.0,0.2,246.5,2025-04-08 08:31:37
11572,1.0,0.2,247.1,2025-04-08 08:29:38
11568,1.0,0.2,245.2,2025-04-08 08:21:37
11564,1.0,0.2,68.3,2025-04-08 08:13:37
11563,3.0,0.6,247.4,2025-04-08 08:11:37
11558,1.0,0.2,241.5,2025-04-08 08:01:37
11552,3.0,0.6,246.2,2025-04-08 07:49:37
11548,1.0,0.2,67.2,2025-04-08 07:41:36
11547,1.0,0.2,66.9,2025-04-08 07:39:36
11546,2.0,0.4,66.9,2025-04-08 07:37:36
11542,1.0,0.2,66.8,2025-04-08 07:29:36
11541,1.0,0.2,253.7,2025-04-08 07:27:36
11537,3.0,0.6,246.8,2025-04-08 07:19:36
11536,1.0,0.2,255.0,2025-04-08 07:17:36
11535,1.0,0.2,246.0,2025-04-08 07:15:36
11530,2.0,0.4,245.9,2025-04-08 07:05:35
11521,1.0,0.2,245.5,2025-04-08 06:47:35
11497,1.0,0.2,242.2,2025-04-08 05:59:34
11496,1.0,0.2,242.4,2025-04-08 05:57:34
11491,1.0,0.2,242.0,2025-04-08 05:47:34
11485,1.0,0.2,242.3,2025-04-08 05:35:33
11477,1.0,0.2,242.5,2025-04-08 05:19:33
11460,1.0,0.2,242.3,2025-04-08 04:45:32
11458,1.0,0.2,211.5,2025-04-08 04:41:32
11304,1.0,0.2,241.8,2025-04-07 23:33:24
11298,5.0,1.0,242.3,2025-04-07 23:21:23
11238,1.0,0.2,242.4,2025-04-07 21:21:21
11215,4.0,0.8,241.8,2025-04-07 20:35:19
11213,3.0,0.6,242.9,2025-04-07 20:31:19
11207,3.0,0.6,242.6,2025-04-07 20:19:19
11205,1.0,0.2,250.3,2025-04-07 20:15:19
11173,1.0,0.2,241.5,2025-04-07 19:11:18
11155,2.0,0.4,241.2,2025-04-07 18:35:17
11148,22.0,4.4,241.3,2025-04-07 18:21:16
11147,7.0,1.4,241.1,2025-04-07 18:19:17
11145,1.0,0.2,241.3,2025-04-07 18:15:16
11139,1.0,0.2,241.1,2025-04-07 18:03:16
11094,1.0,0.2,241.8,2025-04-07 16:33:13
11092,1.0,0.2,241.7,2025-04-07 16:29:13
11055,1.0,0.2,243.6,2025-04-07 15:15:12
11042,2.0,0.4,236.8,2025-04-07 14:49:11
11040,3.0,0.6,66.2,2025-04-07 14:45:11
11037,2.0,0.4,243.7,2025-04-07 14:39:11
11022,2.0,0.4,245.0,2025-04-07 14:09:10
11016,1.0,0.2,244.8,2025-04-07 13:57:10
11015,5.0,1.0,236.3,2025-04-07 13:55:10
11008,1.0,0.2,244.0,2025-04-07 13:41:09
10995,16.0,3.2,244.5,2025-04-07 13:15:09
10989,1.0,0.2,247.9,2025-04-07 13:03:08
10985,3.0,0.6,67.0,2025-04-07 12:55:09
10965,1.0,0.2,246.4,2025-04-07 12:15:08
10924,1.0,0.2,66.4,2025-04-07 10:53:06
10920,3.0,0.6,243.9,2025-04-07 10:45:06
10917,1.0,0.2,234.2,2025-04-07 10:39:06
10913,2.0,0.4,235.4,2025-04-07 10:31:06
10912,1.0,0.2,244.9,2025-04-07 10:29:06
10910,1.0,0.2,243.7,2025-04-07 10:25:05
10902,3.0,0.6,244.1,2025-04-07 10:09:05
10901,1.0,0.2,245.1,2025-04-07 10:07:05
10900,4.0,0.8,245.7,2025-04-07 10:05:05
10895,3.0,0.6,246.3,2025-04-07 09:55:05
10882,1.0,0.2,240.1,2025-04-07 09:29:04
10878,6.0,1.2,246.8,2025-04-07 09:21:04
10859,7.0,1.4,248.8,2025-04-07 08:43:03
10855,2.0,0.4,247.0,2025-04-07 08:35:03
10833,2.0,0.4,67.6,2025-04-07 07:51:02
10832,2.0,0.4,246.0,2025-04-07 07:49:02
10814,2.0,0.4,245.9,2025-04-07 07:13:00
10793,1.0,0.2,244.0,2025-04-07 06:31:00
10789,5.0,1.0,242.3,2025-04-07 06:22:59
10788,7.0,1.4,242.5,2025-04-07 06:20:59
10781,1.0,0.2,242.1,2025-04-07 06:06:59
10780,1.0,0.2,241.7,2025-04-07 06:04:59
10762,1.0,0.2,241.5,2025-04-07 05:28:58
10760,1.0,0.2,242.2,2025-04-07 05:24:58
10759,1.0,0.2,241.7,2025-04-07 05:22:58
10758,1.0,0.2,242.2,2025-04-07 05:20:58
10749,1.0,0.2,242.0,2025-04-07 05:02:57
10741,1.0,0.2,242.1,2025-04-07 04:46:57
10738,1.0,0.2,242.1,2025-04-07 04:40:57
10608,1.0,0.2,242.0,2025-04-07 00:20:50
10569,4.0,0.8,242.3,2025-04-06 23:02:48
10523,2.0,0.4,181.4,2025-04-06 21:30:46
10492,1.0,0.2,242.9,2025-04-06 20:28:43
10485,1.0,0.2,242.6,2025-04-06 20:14:36
10474,1.0,0.2,242.8,2025-04-06 19:52:23
10464,2.0,0.4,243.0,2025-04-06 19:32:08
10460,4.0,0.8,242.6,2025-04-06 19:24:01
10436,1.0,0.2,242.8,2025-04-06 18:35:27
10429,9.0,1.8,243.1,2025-04-06 18:21:20
10428,2.0,0.4,242.2,2025-04-06 18:18:25
10427,1.0,0.2,292.4,2025-03-28 09:57:31
10417,1.0,0.2,289.7,2025-03-28 09:37:17
10413,2.0,0.4,290.8,2025-03-28 09:26:07
10412,2.0,0.4,284.8,2025-03-28 09:24:07
10410,1.0,0.2,81.8,2025-03-28 09:20:07
10406,1.0,0.2,277.9,2025-03-28 09:12:07
10405,1.0,0.2,278.8,2025-03-28 09:10:07
10400,1.0,0.2,280.4,2025-03-28 09:00:07
10397,1.0,0.2,283.8,2025-03-28 08:54:06
10393,1.0,0.2,279.7,2025-03-28 08:46:06
10379,1.0,0.2,297.3,2025-03-28 08:18:05
10374,1.0,0.2,295.3,2025-03-28 08:08:05
10357,1.0,0.2,283.2,2025-03-28 07:34:04
10355,2.0,0.4,294.5,2025-03-28 07:30:04
10335,1.0,0.2,281.1,2025-03-28 06:50:03
10334,1.0,0.2,278.1,2025-03-28 06:48:03
10330,1.0,0.2,281.3,2025-03-28 06:40:03
10329,1.0,0.2,278.8,2025-03-28 06:38:03
10315,1.0,0.2,278.3,2025-03-28 06:10:02
10311,2.0,0.4,278.0,2025-03-28 06:02:02
10305,1.0,0.2,275.1,2025-03-28 05:50:02
10303,1.0,0.2,278.8,2025-03-28 05:46:02
10299,1.0,0.2,280.0,2025-03-28 05:38:02
10298,2.0,0.4,277.6,2025-03-28 05:36:02
10295,1.0,0.2,276.5,2025-03-28 05:30:01
10291,1.0,0.2,277.8,2025-03-28 05:22:01
10288,1.0,0.2,277.8,2025-03-28 05:16:01
10283,1.0,0.2,277.8,2025-03-28 05:06:01
10281,1.0,0.2,279.9,2025-03-28 05:02:01
10278,1.0,0.2,278.6,2025-03-28 04:56:01
10271,1.0,0.2,275.6,2025-03-28 04:42:00
10256,1.0,0.2,281.1,2025-03-28 04:12:00
10147,2.0,0.4,275.1,2025-03-28 00:33:54
10135,1.0,0.2,274.5,2025-03-28 00:09:54
10105,1.0,0.2,274.9,2025-03-27 23:09:52
10104,1.0,0.2,274.9,2025-03-27 23:07:52
10102,1.0,0.2,275.3,2025-03-27 23:03:52
10085,1.0,0.2,277.7,2025-03-27 22:29:51
10051,1.0,0.2,280.2,2025-03-27 21:21:50
10047,3.0,0.6,279.3,2025-03-27 21:13:49
10034,1.0,0.2,275.8,2025-03-27 20:47:49
10014,1.0,0.2,278.6,2025-03-27 20:07:48
10011,39.0,7.8,278.5,2025-03-27 20:01:47
10010,27.0,5.4,279.4,2025-03-27 19:59:48
9979,3.0,0.6,278.3,2025-03-27 18:57:46
9976,1.0,0.2,279.5,2025-03-27 18:51:46
9962,1.0,0.2,278.6,2025-03-27 18:23:45
9956,5.0,1.0,278.0,2025-03-27 18:11:45
9942,2.0,0.4,279.1,2025-03-27 17:43:44
9925,2.0,0.4,287.7,2025-03-27 17:09:43
9909,1.0,0.2,277.0,2025-03-27 16:37:42
9886,2.0,0.4,276.4,2025-03-27 15:51:41
9868,5.0,1.0,281.8,2025-03-27 15:15:40
9855,1.0,0.2,278.8,2025-03-27 14:49:40
9852,1.0,0.2,278.3,2025-03-27 14:43:39
9850,1.0,0.2,278.2,2025-03-27 14:39:39
9824,1.0,0.2,283.1,2025-03-27 13:47:38
9818,1.0,0.2,290.7,2025-03-27 13:35:37
9772,1.0,0.2,308.0,2025-03-27 12:03:37
9766,1.0,0.2,285.0,2025-03-27 11:51:36
9755,1.0,0.2,299.8,2025-03-27 11:29:35
9753,2.0,0.4,304.1,2025-03-27 11:25:36
9750,1.0,0.2,284.6,2025-03-27 11:19:35
9749,1.0,0.2,301.7,2025-03-27 11:17:35
9743,3.0,0.6,297.4,2025-03-27 11:05:35
9737,1.0,0.2,281.9,2025-03-27 10:53:35
9726,1.0,0.2,275.4,2025-03-27 10:31:34
9717,1.0,0.2,284.0,2025-03-27 10:13:34
9703,1.0,0.2,282.7,2025-03-27 09:45:33
9702,1.0,0.2,297.5,2025-03-27 09:43:33
9700,1.0,0.2,266.9,2025-03-27 09:39:33
9697,1.0,0.2,298.8,2025-03-27 09:33:33
9681,1.0,0.2,281.7,2025-03-27 09:01:32
9670,2.0,0.4,282.2,2025-03-27 08:39:31
9669,1.0,0.2,296.7,2025-03-27 08:37:31
9659,2.0,0.4,295.8,2025-03-27 08:17:31
9651,1.0,0.2,288.5,2025-03-27 08:01:30
9648,2.0,0.4,295.6,2025-03-27 07:55:30
9639,3.0,0.6,286.6,2025-03-27 07:37:30
9585,1.0,0.2,274.9,2025-03-27 05:49:27
9407,3.0,0.6,288.7,2025-03-26 23:51:20
9367,2.0,0.4,275.4,2025-03-26 22:31:17
9343,2.0,0.4,282.0,2025-03-26 21:43:16
9336,3.0,0.6,294.3,2025-03-26 21:29:16
9322,1.0,0.2,293.9,2025-03-26 21:01:16
9318,3.0,0.6,295.2,2025-03-26 20:53:15
9317,1.0,0.2,275.3,2025-03-26 20:51:15
9309,2.0,0.4,275.3,2025-03-26 20:35:15
9291,2.0,0.4,281.2,2025-03-26 19:59:14
9265,1.0,0.2,298.5,2025-03-26 19:07:13
9239,1.0,0.2,275.6,2025-03-26 18:15:11
9220,2.0,0.4,275.3,2025-03-26 17:37:10
9218,2.0,0.4,274.9,2025-03-26 17:33:10
9209,1.0,0.2,277.0,2025-03-26 17:15:10
9207,2.0,0.4,265.7,2025-03-26 17:11:10
9204,1.0,0.2,251.6,2025-03-26 17:05:09
9203,1.0,0.2,277.5,2025-03-26 17:03:09
9178,1.0,0.2,282.3,2025-03-26 16:13:08
9173,1.0,0.2,281.9,2025-03-26 16:03:08
9168,5.0,1.0,281.9,2025-03-26 15:53:08
9162,1.0,0.2,282.5,2025-03-26 15:41:07
9160,4.0,0.8,283.3,2025-03-26 15:37:07
9154,1.0,0.2,295.9,2025-03-26 15:25:07
9142,2.0,0.4,303.6,2025-03-26 15:01:06
9139,1.0,0.2,295.0,2025-03-26 14:55:06
9122,15.0,3.0,282.7,2025-03-26 14:21:05
9109,1.0,0.2,289.5,2025-03-26 13:55:05
9108,2.0,0.4,283.4,2025-03-26 13:53:05
9085,3.0,0.6,300.4,2025-03-26 13:07:05
9078,1.0,0.2,286.8,2025-03-26 12:53:04
9067,2.0,0.4,285.7,2025-03-26 12:31:04
9062,1.0,0.2,286.6,2025-03-26 12:21:03
9059,4.0,0.8,82.8,2025-03-26 12:15:03
9055,1.0,0.2,286.9,2025-03-26 12:07:03
9051,1.0,0.2,81.7,2025-03-26 11:59:03
9020,2.0,0.4,282.7,2025-03-26 10:57:01
9014,1.0,0.2,81.4,2025-03-26 10:45:01
9006,2.0,0.4,281.5,2025-03-26 10:29:00
8996,1.0,0.2,280.8,2025-03-26 10:09:00
8992,1.0,0.2,294.2,2025-03-26 10:01:00
8991,1.0,0.2,278.8,2025-03-26 09:59:00
8986,1.0,0.2,293.7,2025-03-26 09:49:00
8980,1.0,0.2,287.5,2025-03-26 09:36:59
8971,1.0,0.2,292.8,2025-03-26 09:18:59
8970,1.0,0.2,294.1,2025-03-26 09:16:59
8964,1.0,0.2,287.0,2025-03-26 09:04:59
8963,1.0,0.2,294.7,2025-03-26 09:02:59
8961,4.0,0.8,300.7,2025-03-26 08:58:59
8956,1.0,0.2,305.3,2025-03-26 08:48:58
8954,1.0,0.2,233.7,2025-03-26 08:44:58
8949,2.0,0.4,285.1,2025-03-26 08:34:58
8948,1.0,0.2,285.5,2025-03-26 08:32:58
8945,1.0,0.2,305.3,2025-03-26 08:26:58
8938,1.0,0.2,292.7,2025-03-26 08:12:57
8930,1.0,0.2,292.4,2025-03-26 07:56:57
8918,1.0,0.2,296.8,2025-03-26 07:32:56
8917,2.0,0.4,285.3,2025-03-26 07:30:56
8916,1.0,0.2,285.5,2025-03-26 07:28:56
8911,1.0,0.2,292.2,2025-03-26 07:18:56
8906,1.0,0.2,290.9,2025-03-26 07:08:56
8903,2.0,0.4,290.4,2025-03-26 07:02:56
8900,1.0,0.2,290.5,2025-03-26 06:56:55
8897,2.0,0.4,282.8,2025-03-26 06:50:55
8876,1.0,0.2,281.8,2025-03-26 06:08:54
8875,1.0,0.2,294.5,2025-03-26 06:06:54
8874,2.0,0.4,262.2,2025-03-26 06:04:54
8872,1.0,0.2,281.6,2025-03-26 06:00:54
8870,1.0,0.2,281.1,2025-03-26 05:56:54
8866,2.0,0.4,298.8,2025-03-26 05:48:54
8864,1.0,0.2,281.6,2025-03-26 05:44:54
8862,1.0,0.2,281.5,2025-03-26 05:40:54
8861,1.0,0.2,281.6,2025-03-26 05:38:53
8853,1.0,0.2,261.6,2025-03-26 05:22:53
8826,2.0,0.4,281.1,2025-03-26 04:28:51
8823,2.0,0.4,281.3,2025-03-26 04:22:51
8782,1.0,0.2,281.3,2025-03-26 03:00:50
8680,1.0,0.2,288.4,2025-03-25 23:36:45
8672,3.0,0.6,281.5,2025-03-25 23:20:44
8622,2.0,0.4,281.9,2025-03-25 21:40:42
8617,3.0,0.6,281.4,2025-03-25 21:30:41
8605,1.0,0.2,281.4,2025-03-25 21:06:41
8602,1.0,0.2,281.4,2025-03-25 21:00:41
8587,1.0,0.2,287.2,2025-03-25 20:30:40
8582,2.0,0.4,281.5,2025-03-25 20:20:40
8561,1.0,0.2,281.9,2025-03-25 19:38:39
8543,1.0,0.2,281.5,2025-03-25 19:02:38
8535,1.0,0.2,281.5,2025-03-25 18:46:37
8525,2.0,0.4,281.5,2025-03-25 18:26:37
8513,1.0,0.2,282.1,2025-03-25 18:02:36
8506,1.0,0.2,281.7,2025-03-25 17:48:36
8503,1.0,0.2,281.5,2025-03-25 17:42:36
8501,1.0,0.2,282.4,2025-03-25 17:38:35
8498,3.0,0.6,281.8,2025-03-25 17:32:35
8494,3.0,0.6,281.9,2025-03-25 17:24:35
8493,1.0,0.2,282.3,2025-03-25 17:22:35
8490,5.0,1.0,281.9,2025-03-25 17:16:36
8489,10.0,2.0,275.0,2025-03-25 17:14:35
8488,3.0,0.6,281.5,2025-03-25 17:12:35
8487,17.0,3.4,289.7,2025-03-25 17:10:35
8486,6.0,1.2,276.1,2025-03-25 17:07:48
8485,1.0,0.2,227.8,2025-03-25 17:05:48
8481,2.0,0.4,288.6,2025-03-25 16:57:41
8478,2.0,0.4,289.3,2025-03-25 16:51:34
8475,4.0,0.8,289.8,2025-03-25 16:45:34
8449,2.0,0.4,298.6,2025-03-25 15:52:33
8428,2.0,0.4,276.2,2025-03-25 15:10:32
8427,1.0,0.2,277.0,2025-03-25 15:08:32
8425,1.0,0.2,276.7,2025-03-25 15:04:32
8421,1.0,0.2,277.0,2025-03-25 14:56:32
8412,1.0,0.2,301.9,2025-03-25 14:38:31
8407,1.0,0.2,283.4,2025-03-25 14:28:31
8403,1.0,0.2,282.3,2025-03-25 14:20:31
8401,1.0,0.2,283.2,2025-03-25 14:16:31
8400,1.0,0.2,281.6,2025-03-25 14:14:30
8388,2.0,0.4,296.9,2025-03-25 13:50:30
8385,1.0,0.2,293.9,2025-03-25 13:44:30
8366,2.0,0.4,299.3,2025-03-25 13:06:29
8362,1.0,0.2,282.5,2025-03-25 12:58:29
8340,1.0,0.2,83.0,2025-03-25 12:14:28
8336,1.0,0.2,282.2,2025-03-25 12:06:29
8324,1.0,0.2,278.1,2025-03-25 11:42:28
8301,2.0,0.4,277.7,2025-03-25 10:56:27
8292,4.0,0.8,298.7,2025-03-25 10:38:26
8291,3.0,0.6,298.9,2025-03-25 10:36:26
8290,1.0,0.2,277.7,2025-03-25 10:34:26
8286,1.0,0.2,302.2,2025-03-25 10:26:26
8279,1.0,0.2,278.1,2025-03-25 10:12:26
8277,1.0,0.2,276.6,2025-03-25 10:08:25
8276,3.0,0.6,277.7,2025-03-25 10:06:25
8275,1.0,0.2,276.9,2025-03-25 10:04:25
8274,3.0,0.6,277.6,2025-03-25 10:02:25
8273,4.0,0.8,277.6,2025-03-25 10:00:25
8265,1.0,0.2,277.5,2025-03-25 09:44:25
8261,1.0,0.2,278.3,2025-03-25 09:36:25
8227,1.0,0.2,274.4,2025-03-25 08:28:23
8220,1.0,0.2,262.8,2025-03-25 08:14:22
8218,4.0,0.8,274.8,2025-03-25 08:10:22
8179,4.0,0.8,273.7,2025-03-25 06:52:21
8146,1.0,0.2,278.5,2025-03-25 05:46:20
8138,1.0,0.2,273.6,2025-03-25 05:30:20
8119,2.0,0.4,278.4,2025-03-25 04:52:19
7965,1.0,0.2,261.4,2025-03-24 23:44:13
7875,1.0,0.2,272.1,2025-03-24 20:44:08
7850,1.0,0.2,261.3,2025-03-24 19:54:07
7846,1.0,0.2,261.6,2025-03-24 19:46:07
7817,1.0,0.2,261.8,2025-03-24 18:48:05
7803,1.0,0.2,272.7,2025-03-24 18:20:05
7796,2.0,0.4,273.0,2025-03-24 18:06:04
7733,1.0,0.2,255.5,2025-03-24 16:00:01
7732,2.0,0.4,275.7,2025-03-24 15:58:01
7731,55.0,11.0,253.1,2025-03-24 15:56:01
7730,130.0,26.0,279.8,2025-03-24 15:54:01
7729,88.0,17.6,274.4,2025-03-24 15:52:01
7728,11.0,2.2,278.2,2025-03-24 15:50:01
7708,2.0,0.4,276.3,2025-03-24 15:10:00
7707,1.0,0.2,276.5,2025-03-24 15:08:00
7698,1.0,0.2,276.6,2025-03-24 14:49:59
7681,2.0,0.4,81.3,2025-03-24 14:15:59
7677,1.0,0.2,279.3,2025-03-24 14:07:58
7671,1.0,0.2,289.8,2025-03-24 13:55:58
7661,1.0,0.2,297.6,2025-03-24 13:35:57
7659,1.0,0.2,280.7,2025-03-24 13:31:57
7651,1.0,0.2,302.7,2025-03-24 13:15:58
7650,1.0,0.2,278.0,2025-03-24 13:13:58
7639,3.0,0.6,300.9,2025-03-24 12:51:57
7638,3.0,0.6,295.1,2025-03-24 12:49:57
7622,1.0,0.2,299.4,2025-03-24 12:17:57
7613,2.0,0.4,269.3,2025-03-24 11:59:56
7612,1.0,0.2,268.6,2025-03-24 11:57:56
7600,1.0,0.2,289.4,2025-03-24 11:33:56
7596,1.0,0.2,275.3,2025-03-24 11:25:55
7591,1.0,0.2,274.2,2025-03-24 11:15:55
7589,1.0,0.2,273.4,2025-03-24 11:11:55
7571,46.0,9.2,260.5,2025-03-24 10:35:54
7570,28.0,5.6,278.2,2025-03-24 10:33:54
7568,1.0,0.2,274.4,2025-03-24 10:29:54
7562,1.0,0.2,289.6,2025-03-24 10:17:53
7560,1.0,0.2,275.8,2025-03-24 10:13:53
7559,3.0,0.6,289.3,2025-03-24 10:11:53
7554,1.0,0.2,274.0,2025-03-24 10:01:53
7553,1.0,0.2,296.9,2025-03-24 09:59:53
7547,5.0,1.0,287.9,2025-03-24 09:47:53
7546,11.0,2.2,279.2,2025-03-24 09:45:53
7545,1.0,0.2,287.2,2025-03-24 09:43:53
7544,2.0,0.4,288.8,2025-03-24 09:41:53
7542,1.0,0.2,278.2,2025-03-24 09:37:53
7541,4.0,0.8,298.1,2025-03-24 09:35:53
7528,2.0,0.4,283.4,2025-03-24 09:09:52
7527,1.0,0.2,296.1,2025-03-24 09:07:52
7526,1.0,0.2,291.0,2025-03-24 09:05:52
7524,4.0,0.8,291.2,2025-03-24 09:01:51
7522,4.0,0.8,290.1,2025-03-24 08:57:51
7521,1.0,0.2,276.1,2025-03-24 08:55:51
7520,1.0,0.2,276.1,2025-03-24 08:53:51
7514,1.0,0.2,291.0,2025-03-24 08:41:51
7512,6.0,1.2,290.4,2025-03-24 08:37:51
7511,1.0,0.2,291.0,2025-03-24 08:35:51
7501,1.0,0.2,297.5,2025-03-24 08:15:51
7488,2.0,0.4,290.5,2025-03-24 07:49:50
7487,3.0,0.6,290.3,2025-03-24 07:47:50
7483,3.0,0.6,289.5,2025-03-24 07:39:50
7472,1.0,0.2,295.1,2025-03-24 07:17:49
7367,1.0,0.2,294.7,2025-03-24 03:47:44
7365,1.0,0.2,288.2,2025-03-24 03:43:44
7342,1.0,0.2,294.4,2025-03-24 02:57:42
7307,1.0,0.2,274.6,2025-03-24 01:47:41
7305,1.0,0.2,287.7,2025-03-24 01:43:41
7297,1.0,0.2,288.5,2025-03-24 01:27:40
7278,1.0,0.2,261.5,2025-03-24 00:49:40
7274,1.0,0.2,261.5,2025-03-24 00:41:40
7261,2.0,0.4,279.8,2025-03-24 00:15:40
7256,1.0,0.2,261.4,2025-03-24 00:05:40
7231,1.0,0.2,296.2,2025-03-23 23:15:39
7201,1.0,0.2,297.4,2025-03-23 22:15:37
7197,1.0,0.2,297.6,2025-03-23 22:07:37
7178,1.0,0.2,287.3,2025-03-23 21:29:36
7177,1.0,0.2,287.7,2025-03-23 21:27:36
7175,4.0,0.8,274.5,2025-03-23 21:23:36
7174,1.0,0.2,287.5,2025-03-23 21:21:36
7171,3.0,0.6,273.9,2025-03-23 21:15:36
7169,3.0,0.6,287.2,2025-03-23 21:11:36
7168,1.0,0.2,287.3,2025-03-23 21:09:36
7167,2.0,0.4,287.2,2025-03-23 21:07:36
7164,1.0,0.2,286.8,2025-03-23 21:01:35
7162,2.0,0.4,287.0,2025-03-23 20:57:35
7159,1.0,0.2,274.5,2025-03-23 20:51:35
7156,2.0,0.4,287.3,2025-03-23 20:45:35
7155,2.0,0.4,261.3,2025-03-23 20:43:35
7154,1.0,0.2,261.7,2025-03-23 20:41:35
7148,3.0,0.6,273.6,2025-03-23 20:29:35
7146,1.0,0.2,286.6,2025-03-23 20:25:35
7136,1.0,0.2,287.0,2025-03-23 20:05:34
7131,1.0,0.2,287.3,2025-03-23 19:55:34
7127,2.0,0.4,287.4,2025-03-23 19:47:34
7126,1.0,0.2,287.7,2025-03-23 19:45:34
7121,1.0,0.2,274.0,2025-03-23 19:35:33
7116,2.0,0.4,274.8,2025-03-23 19:25:33
7103,1.0,0.2,274.5,2025-03-23 18:59:33
7101,1.0,0.2,276.6,2025-03-23 18:55:33
7100,1.0,0.2,276.7,2025-03-23 18:53:32
7099,1.0,0.2,274.9,2025-03-23 18:51:32
7094,2.0,0.4,260.8,2025-03-23 18:41:32
7093,1.0,0.2,274.2,2025-03-23 18:39:32
7086,1.0,0.2,274.6,2025-03-23 18:25:32
7079,4.0,0.8,276.3,2025-03-23 18:11:31
7067,2.0,0.4,295.2,2025-03-23 17:47:31
7063,2.0,0.4,275.3,2025-03-23 17:39:31
7061,3.0,0.6,274.5,2025-03-23 17:35:30
7054,2.0,0.4,296.7,2025-03-23 17:21:30
7048,1.0,0.2,279.1,2025-03-23 17:09:30
7047,2.0,0.4,287.3,2025-03-23 17:07:30
7042,3.0,0.6,279.7,2025-03-23 16:57:29
7041,1.0,0.2,287.4,2025-03-23 16:55:29
7020,3.0,0.6,290.1,2025-03-23 16:13:28
7018,2.0,0.4,300.1,2025-03-23 16:09:28
7015,4.0,0.8,279.0,2025-03-23 16:03:28
7013,2.0,0.4,281.2,2025-03-23 15:59:28
7007,1.0,0.2,302.2,2025-03-23 15:47:29
7006,1.0,0.2,299.6,2025-03-23 15:45:28
7004,1.0,0.2,291.6,2025-03-23 15:41:27
6999,1.0,0.2,302.0,2025-03-23 15:31:27
6981,5.0,1.0,302.6,2025-03-23 14:55:26
6903,1.0,0.2,303.9,2025-03-23 12:19:23
6895,1.0,0.2,266.8,2025-03-23 12:03:23
6857,2.0,0.4,301.9,2025-03-23 10:47:21
6853,1.0,0.2,288.7,2025-03-23 10:39:21
6852,1.0,0.2,263.9,2025-03-23 10:37:21
6849,2.0,0.4,302.4,2025-03-23 10:31:21
6837,1.0,0.2,291.8,2025-03-23 10:07:20
6833,8.0,1.6,291.7,2025-03-23 09:59:20
6827,2.0,0.4,278.0,2025-03-23 09:47:20
6823,1.0,0.2,280.7,2025-03-23 09:39:20
6821,1.0,0.2,285.2,2025-03-23 09:35:20
6818,1.0,0.2,278.7,2025-03-23 09:29:19
6817,2.0,0.4,291.5,2025-03-23 09:27:19
6813,2.0,0.4,294.9,2025-03-23 09:19:19
6811,1.0,0.2,276.0,2025-03-23 09:15:19
6807,2.0,0.4,278.9,2025-03-23 09:07:19
6804,1.0,0.2,296.3,2025-03-23 09:01:19
6796,3.0,0.6,275.7,2025-03-23 08:45:18
6785,2.0,0.4,275.2,2025-03-23 08:23:17
6776,1.0,0.2,274.4,2025-03-23 08:05:17
6775,12.0,2.4,274.8,2025-03-23 08:03:17
6774,16.0,3.2,288.9,2025-03-23 08:01:17
6773,4.0,0.8,288.9,2025-03-23 07:59:17
6772,5.0,1.0,274.7,2025-03-23 07:57:17
6770,5.0,1.0,274.2,2025-03-23 07:53:17
6769,6.0,1.2,275.0,2025-03-23 07:51:17
6765,1.0,0.2,274.7,2025-03-23 07:43:17
6761,2.0,0.4,261.6,2025-03-23 07:35:16
6759,3.0,0.6,274.2,2025-03-23 07:31:16
6757,1.0,0.2,274.7,2025-03-23 07:27:16
6755,1.0,0.2,265.8,2025-03-23 07:23:16
6744,1.0,0.2,261.4,2025-03-23 07:01:16
6743,1.0,0.2,261.3,2025-03-23 06:59:16
6738,1.0,0.2,261.0,2025-03-23 06:49:15
6737,1.0,0.2,261.0,2025-03-23 06:47:15
6734,1.0,0.2,260.8,2025-03-23 06:41:15
6732,1.0,0.2,278.5,2025-03-23 06:37:15
6730,1.0,0.2,260.8,2025-03-23 06:33:15
6728,1.0,0.2,260.9,2025-03-23 06:29:15
6726,1.0,0.2,260.9,2025-03-23 06:25:15
6724,1.0,0.2,261.0,2025-03-23 06:21:15
6722,1.0,0.2,287.5,2025-03-23 06:17:15
6717,1.0,0.2,261.2,2025-03-23 06:07:15
6712,1.0,0.2,260.8,2025-03-23 05:57:15
6710,1.0,0.2,261.2,2025-03-23 05:53:15
6709,1.0,0.2,261.2,2025-03-23 05:51:15
6698,1.0,0.2,287.2,2025-03-23 05:29:15
6686,2.0,0.4,280.5,2025-03-23 05:05:15
6518,1.0,0.2,261.3,2025-03-22 23:29:06
6493,1.0,0.2,261.7,2025-03-22 22:39:05
6442,2.0,0.4,265.1,2025-03-22 20:57:02
6437,5.0,1.0,261.1,2025-03-22 20:47:02
6426,1.0,0.2,261.1,2025-03-22 20:25:02
6424,1.0,0.2,260.9,2025-03-22 20:21:01
6423,4.0,0.8,260.7,2025-03-22 20:19:01
6421,1.0,0.2,261.1,2025-03-22 20:15:01
6420,1.0,0.2,260.7,2025-03-22 20:13:01
6417,1.0,0.2,262.1,2025-03-22 20:07:01
6394,1.0,0.2,261.2,2025-03-22 19:21:00
6385,7.0,1.4,261.0,2025-03-22 19:02:59
6383,1.0,0.2,261.1,2025-03-22 18:58:59
6382,5.0,1.0,260.6,2025-03-22 18:56:59
6381,2.0,0.4,261.0,2025-03-22 18:54:59
6376,3.0,0.6,261.2,2025-03-22 18:44:59
6374,1.0,0.2,261.3,2025-03-22 18:40:59
6373,3.0,0.6,262.0,2025-03-22 18:38:59
6372,2.0,0.4,261.9,2025-03-22 18:36:59
6368,3.0,0.6,261.5,2025-03-22 18:28:59
6365,1.0,0.2,261.3,2025-03-22 18:22:58
6359,5.0,1.0,261.1,2025-03-22 18:10:58
6349,1.0,0.2,274.0,2025-03-22 17:50:58
6345,2.0,0.4,261.4,2025-03-22 17:42:57
6331,2.0,0.4,261.5,2025-03-22 17:14:57
6328,20.0,4.0,261.8,2025-03-22 17:08:57
6327,5.0,1.0,261.4,2025-03-22 17:06:56
6326,6.0,1.2,261.0,2025-03-22 17:04:57
6313,5.0,1.0,273.9,2025-03-22 16:38:56
6300,1.0,0.2,273.6,2025-03-22 16:12:55
6284,1.0,0.2,262.2,2025-03-22 15:40:54
6278,2.0,0.4,262.3,2025-03-22 15:28:54
6276,1.0,0.2,278.1,2025-03-22 15:24:54
6275,1.0,0.2,287.3,2025-03-22 15:22:54
6272,1.0,0.2,286.8,2025-03-22 15:16:54
6271,1.0,0.2,275.7,2025-03-22 15:14:54
6270,5.0,1.0,287.1,2025-03-22 15:12:54
6269,3.0,0.6,289.2,2025-03-22 15:10:54
6268,3.0,0.6,287.3,2025-03-22 15:08:54
6267,1.0,0.2,287.8,2025-03-22 15:06:54
6266,4.0,0.8,281.4,2025-03-22 15:04:54
6265,1.0,0.2,291.0,2025-03-22 15:02:53
6263,1.0,0.2,288.6,2025-03-22 14:58:53
6261,4.0,0.8,275.2,2025-03-22 14:54:53
6260,2.0,0.4,288.7,2025-03-22 14:52:53
6259,9.0,1.8,280.0,2025-03-22 14:50:53
6258,7.0,1.4,278.6,2025-03-22 14:48:53
6256,1.0,0.2,278.3,2025-03-22 14:44:53
6254,1.0,0.2,288.5,2025-03-22 14:40:53
6253,2.0,0.4,288.6,2025-03-22 14:38:53
6252,8.0,1.6,275.7,2025-03-22 14:36:53
6243,1.0,0.2,300.7,2025-03-22 14:18:52
6218,2.0,0.4,276.7,2025-03-22 13:28:51
6205,3.0,0.6,294.6,2025-03-22 13:02:52
6193,1.0,0.2,279.2,2025-03-22 12:38:51
6190,2.0,0.4,274.8,2025-03-22 12:32:51
6189,1.0,0.2,274.4,2025-03-22 12:30:51
6187,3.0,0.6,300.0,2025-03-22 12:26:51
6184,1.0,0.2,281.7,2025-03-22 12:20:50
6183,2.0,0.4,282.2,2025-03-22 12:18:50
6182,1.0,0.2,275.3,2025-03-22 12:16:50
6181,1.0,0.2,300.0,2025-03-22 12:14:50
6179,1.0,0.2,282.0,2025-03-22 12:10:50
6175,4.0,0.8,289.7,2025-03-22 12:02:50
6164,1.0,0.2,293.6,2025-03-22 11:40:49
6159,2.0,0.4,291.4,2025-03-22 11:30:49
6157,1.0,0.2,286.2,2025-03-22 11:26:49
6094,4.0,0.8,278.9,2025-03-22 09:20:48
6093,3.0,0.6,277.2,2025-03-22 09:18:48
6086,1.0,0.2,279.2,2025-03-22 09:04:47
6079,2.0,0.4,276.4,2025-03-22 08:50:47
6074,2.0,0.4,296.3,2025-03-22 08:40:46
6070,3.0,0.6,281.1,2025-03-22 08:32:46
6067,1.0,0.2,283.1,2025-03-22 08:26:46
6066,1.0,0.2,290.3,2025-03-22 08:24:46
6062,1.0,0.2,230.6,2025-03-22 08:16:46
6059,1.0,0.2,275.8,2025-03-22 08:10:46
6054,5.0,1.0,295.0,2025-03-22 08:00:46
6053,9.0,1.8,293.8,2025-03-22 07:58:46
6052,12.0,2.4,293.4,2025-03-22 07:56:46
6051,4.0,0.8,294.7,2025-03-22 07:54:46
6050,5.0,1.0,275.4,2025-03-22 07:52:45
6049,2.0,0.4,275.5,2025-03-22 07:50:45
6048,4.0,0.8,290.2,2025-03-22 07:48:45
6046,2.0,0.4,294.3,2025-03-22 07:44:45
6042,1.0,0.2,274.5,2025-03-22 07:36:45
6041,3.0,0.6,274.2,2025-03-22 07:34:45
6040,2.0,0.4,297.6,2025-03-22 07:32:45
6038,1.0,0.2,288.6,2025-03-22 07:28:45
6037,1.0,0.2,289.1,2025-03-22 07:26:45
6033,1.0,0.2,274.7,2025-03-22 07:18:44
6026,1.0,0.2,273.6,2025-03-22 07:04:44
6024,1.0,0.2,274.8,2025-03-22 07:00:44
6017,1.0,0.2,273.8,2025-03-22 06:46:44
6013,1.0,0.2,261.9,2025-03-22 06:38:44
6010,1.0,0.2,261.6,2025-03-22 06:32:43
6009,1.0,0.2,274.5,2025-03-22 06:30:43
5998,1.0,0.2,261.2,2025-03-22 06:08:43
5993,3.0,0.6,261.2,2025-03-22 05:58:43
5967,2.0,0.4,272.2,2025-03-22 05:06:41
5955,1.0,0.2,272.1,2025-03-22 04:42:41
5949,1.0,0.2,271.6,2025-03-22 04:30:40
5940,1.0,0.2,272.5,2025-03-22 04:12:40
5937,1.0,0.2,272.2,2025-03-22 04:06:40
5906,1.0,0.2,272.1,2025-03-22 03:04:38
5801,7.0,1.4,272.3,2025-03-21 23:34:33
5786,1.0,0.2,271.5,2025-03-21 23:04:32
5662,1.0,0.2,271.2,2025-03-21 18:56:26
5655,2.0,0.4,272.5,2025-03-21 18:42:25
5651,2.0,0.4,273.1,2025-03-21 18:34:25
5640,1.0,0.2,272.9,2025-03-21 18:12:25
5639,2.0,0.4,273.5,2025-03-21 18:10:25
5636,1.0,0.2,271.8,2025-03-21 18:04:25
5634,1.0,0.2,272.1,2025-03-21 18:00:24
5628,1.0,0.2,272.6,2025-03-21 17:48:24
5627,4.0,0.8,272.6,2025-03-21 17:46:24
5626,2.0,0.4,272.2,2025-03-21 17:44:24
5625,1.0,0.2,272.6,2025-03-21 17:42:24
5623,1.0,0.2,273.0,2025-03-21 17:38:24
5621,1.0,0.2,270.1,2025-03-21 17:34:24
5618,3.0,0.6,272.2,2025-03-21 17:28:23
5616,1.0,0.2,272.9,2025-03-21 17:24:23
5612,1.0,0.2,273.0,2025-03-21 17:16:23
5610,1.0,0.2,272.5,2025-03-21 17:12:23
5608,1.0,0.2,272.4,2025-03-21 17:08:23
5607,2.0,0.4,272.9,2025-03-21 17:06:23
5599,1.0,0.2,273.0,2025-03-21 16:50:23
5596,2.0,0.4,273.3,2025-03-21 16:44:23
5591,2.0,0.4,273.5,2025-03-21 16:34:22
5589,3.0,0.6,272.7,2025-03-21 16:30:22
5584,1.0,0.2,273.1,2025-03-21 16:20:22
5583,3.0,0.6,273.0,2025-03-21 16:18:22
5582,1.0,0.2,214.4,2025-03-21 16:16:22
5581,1.0,0.2,267.8,2025-03-21 16:14:22
5580,1.0,0.2,231.9,2025-03-21 16:12:22
5577,2.0,0.4,274.1,2025-03-21 16:06:22
5576,2.0,0.4,294.1,2025-03-21 16:04:22
5560,2.0,0.4,286.6,2025-03-21 15:32:21
5559,28.0,5.6,281.0,2025-03-21 15:30:21
5558,22.0,4.4,271.1,2025-03-21 15:28:21
5557,93.0,18.6,277.3,2025-03-21 15:26:21
5555,12.0,2.4,281.1,2025-03-21 15:22:21
5534,3.0,0.6,289.3,2025-03-21 14:40:19
5528,2.0,0.4,274.9,2025-03-21 14:28:19
5507,2.0,0.4,296.8,2025-03-21 13:46:18
5487,2.0,0.4,275.9,2025-03-21 13:06:18
5473,1.0,0.2,276.3,2025-03-21 12:38:17
5450,1.0,0.2,277.1,2025-03-21 11:52:16
5449,1.0,0.2,277.0,2025-03-21 11:50:16
5445,1.0,0.2,277.7,2025-03-21 11:42:16
5435,1.0,0.2,294.9,2025-03-21 11:22:16
5431,1.0,0.2,294.5,2025-03-21 11:14:15
5430,3.0,0.6,277.2,2025-03-21 11:12:15
5425,1.0,0.2,283.3,2025-03-21 11:02:15
5418,3.0,0.6,274.4,2025-03-21 10:48:15
5417,2.0,0.4,273.1,2025-03-21 10:46:15
5413,1.0,0.2,278.4,2025-03-21 10:38:14
5409,1.0,0.2,284.8,2025-03-21 10:30:14
5403,1.0,0.2,276.6,2025-03-21 10:18:14
5402,1.0,0.2,278.2,2025-03-21 10:16:14
5400,1.0,0.2,279.6,2025-03-21 10:12:14
5397,1.0,0.2,283.0,2025-03-21 10:06:14
5396,4.0,0.8,278.2,2025-03-21 10:04:14
5395,1.0,0.2,301.0,2025-03-21 10:02:14
5394,2.0,0.4,277.5,2025-03-21 10:00:14
5393,1.0,0.2,282.6,2025-03-21 09:58:14
5391,1.0,0.2,291.4,2025-03-21 09:54:13
5390,2.0,0.4,278.2,2025-03-21 09:52:13
5389,1.0,0.2,290.9,2025-03-21 09:50:13
5387,1.0,0.2,276.9,2025-03-21 09:46:13
5386,1.0,0.2,277.1,2025-03-21 09:44:13
5381,1.0,0.2,297.9,2025-03-21 09:34:13
5380,1.0,0.2,298.7,2025-03-21 09:32:13
5378,2.0,0.4,299.2,2025-03-21 09:28:13
5374,1.0,0.2,297.6,2025-03-21 09:20:12
5370,1.0,0.2,301.6,2025-03-21 09:12:12
5369,1.0,0.2,282.7,2025-03-21 09:10:12
5364,1.0,0.2,298.3,2025-03-21 09:00:12
5363,1.0,0.2,295.9,2025-03-21 08:58:12
5361,1.0,0.2,300.3,2025-03-21 08:54:12
5358,6.0,1.2,286.2,2025-03-21 08:48:12
5357,4.0,0.8,298.8,2025-03-21 08:46:12
5356,4.0,0.8,287.3,2025-03-21 08:44:12
5355,2.0,0.4,285.9,2025-03-21 08:42:12
5354,3.0,0.6,286.7,2025-03-21 08:40:12
5353,1.0,0.2,294.5,2025-03-21 08:38:11
5352,6.0,1.2,296.5,2025-03-21 08:36:11
5351,3.0,0.6,279.5,2025-03-21 08:34:11
5348,3.0,0.6,285.3,2025-03-21 08:28:11
5347,1.0,0.2,297.7,2025-03-21 08:26:11
5346,1.0,0.2,283.7,2025-03-21 08:24:11
5345,1.0,0.2,283.4,2025-03-21 08:22:11
5343,3.0,0.6,284.0,2025-03-21 08:18:11
5341,5.0,1.0,293.7,2025-03-21 08:14:11
5338,3.0,0.6,296.1,2025-03-21 08:08:10
5336,1.0,0.2,295.7,2025-03-21 08:04:10
5333,1.0,0.2,296.2,2025-03-21 07:58:10
5332,2.0,0.4,293.9,2025-03-21 07:56:10
5331,1.0,0.2,289.3,2025-03-21 07:54:10
5328,1.0,0.2,294.0,2025-03-21 07:48:10
5327,1.0,0.2,282.3,2025-03-21 07:46:10
5323,2.0,0.4,292.5,2025-03-21 07:38:10
5319,2.0,0.4,297.1,2025-03-21 07:30:10
5318,3.0,0.6,295.9,2025-03-21 07:28:10
5317,4.0,0.8,296.3,2025-03-21 07:26:10
5316,1.0,0.2,280.6,2025-03-21 07:24:10
5315,4.0,0.8,294.4,2025-03-21 07:22:09
5314,2.0,0.4,280.8,2025-03-21 07:20:09
5313,11.0,2.2,293.0,2025-03-21 07:18:09
5312,7.0,1.4,292.8,2025-03-21 07:16:09
5311,5.0,1.0,276.3,2025-03-21 07:14:09
5310,9.0,1.8,283.0,2025-03-21 07:12:09
5309,3.0,0.6,277.0,2025-03-21 07:10:09
5306,2.0,0.4,277.3,2025-03-21 07:04:09
5296,1.0,0.2,276.3,2025-03-21 06:44:09
5294,3.0,0.6,280.9,2025-03-21 06:40:08
5292,4.0,0.8,275.6,2025-03-21 06:36:08
5291,3.0,0.6,298.2,2025-03-21 06:34:08
5289,1.0,0.2,281.2,2025-03-21 06:30:08
5286,1.0,0.2,275.3,2025-03-21 06:24:08
5283,4.0,0.8,287.6,2025-03-21 06:18:08
5279,2.0,0.4,281.5,2025-03-21 06:10:08
5275,1.0,0.2,287.4,2025-03-21 06:02:08
5274,2.0,0.4,288.6,2025-03-21 06:00:07
5271,1.0,0.2,294.7,2025-03-21 05:54:07
5270,1.0,0.2,275.1,2025-03-21 05:52:07
5269,1.0,0.2,275.1,2025-03-21 05:50:07
5266,1.0,0.2,274.7,2025-03-21 05:44:07
5264,1.0,0.2,274.7,2025-03-21 05:40:07
5263,3.0,0.6,275.1,2025-03-21 05:38:07
5261,1.0,0.2,279.8,2025-03-21 05:34:07
5248,1.0,0.2,275.3,2025-03-21 05:08:06
5245,2.0,0.4,287.9,2025-03-21 05:02:06
5244,3.0,0.6,274.8,2025-03-21 05:00:06
5241,3.0,0.6,275.2,2025-03-21 04:54:06
5240,4.0,0.8,274.4,2025-03-21 04:52:06
5237,1.0,0.2,274.9,2025-03-21 04:46:05
5236,5.0,1.0,274.5,2025-03-21 04:44:05
5235,5.0,1.0,275.3,2025-03-21 04:42:05
5234,10.0,2.0,274.8,2025-03-21 04:40:05
5233,1.0,0.2,230.8,2025-03-21 04:38:05
5232,3.0,0.6,229.5,2025-03-21 04:36:05
5231,6.0,1.2,294.2,2025-03-21 04:34:05
5230,3.0,0.6,293.4,2025-03-21 04:32:05
5229,4.0,0.8,293.8,2025-03-21 04:30:05
5228,7.0,1.4,293.8,2025-03-21 04:28:05
5227,9.0,1.8,288.3,2025-03-21 04:26:05
5225,3.0,0.6,275.3,2025-03-21 04:22:05
5224,1.0,0.2,293.8,2025-03-21 04:20:05
5223,1.0,0.2,280.9,2025-03-21 04:18:05
5222,1.0,0.2,293.7,2025-03-21 04:16:05
5202,1.0,0.2,281.2,2025-03-21 03:36:04
5099,1.0,0.2,281.3,2025-03-21 00:09:59
5093,1.0,0.2,287.5,2025-03-20 23:58:00
5080,4.0,0.8,280.7,2025-03-20 23:31:59
5058,1.0,0.2,288.1,2025-03-20 22:47:58
5037,2.0,0.4,287.9,2025-03-20 22:05:57
5030,2.0,0.4,288.3,2025-03-20 21:51:57
5029,2.0,0.4,288.3,2025-03-20 21:49:57
5028,2.0,0.4,281.8,2025-03-20 21:47:57
5026,2.0,0.4,280.9,2025-03-20 21:43:57
5025,1.0,0.2,281.6,2025-03-20 21:41:56
5024,3.0,0.6,294.1,2025-03-20 21:39:56
5023,2.0,0.4,294.1,2025-03-20 21:37:56
5022,5.0,1.0,281.3,2025-03-20 21:35:56
5021,1.0,0.2,281.3,2025-03-20 21:33:56
5019,2.0,0.4,293.7,2025-03-20 21:29:56
5018,1.0,0.2,281.6,2025-03-20 21:27:56
5017,1.0,0.2,282.0,2025-03-20 21:25:56
5016,1.0,0.2,281.2,2025-03-20 21:23:56
5015,2.0,0.4,281.4,2025-03-20 21:21:56
5014,3.0,0.6,280.4,2025-03-20 21:19:56
5013,2.0,0.4,288.8,2025-03-20 21:17:56
5012,1.0,0.2,288.8,2025-03-20 21:15:56
4984,1.0,0.2,281.4,2025-03-20 20:19:55
4955,2.0,0.4,281.1,2025-03-20 19:21:54
4945,5.0,1.0,281.5,2025-03-20 19:01:54
4938,2.0,0.4,281.1,2025-03-20 18:47:54
4919,1.0,0.2,277.4,2025-03-20 18:09:53
4908,2.0,0.4,277.1,2025-03-20 17:47:52
4901,1.0,0.2,281.3,2025-03-20 17:33:52
4890,1.0,0.2,275.3,2025-03-20 17:11:51
4879,1.0,0.2,294.6,2025-03-20 16:49:51
4871,3.0,0.6,276.4,2025-03-20 16:33:50
4847,2.0,0.4,285.0,2025-03-20 15:45:49
4832,1.0,0.2,282.8,2025-03-20 15:15:49
4823,4.0,0.8,297.4,2025-03-20 14:57:49
4741,1.0,0.2,291.2,2025-03-20 12:13:47
4740,1.0,0.2,291.5,2025-03-20 12:11:46
4734,1.0,0.2,289.7,2025-03-20 11:59:46
4726,1.0,0.2,278.0,2025-03-20 11:43:46
4708,1.0,0.2,296.3,2025-03-20 11:07:45
4706,1.0,0.2,292.4,2025-03-20 11:03:45
4696,2.0,0.4,294.0,2025-03-20 10:43:45
4692,1.0,0.2,299.4,2025-03-20 10:35:44
4685,1.0,0.2,293.0,2025-03-20 10:21:44
4672,1.0,0.2,297.6,2025-03-20 09:55:44
4668,1.0,0.2,299.3,2025-03-20 09:47:44
4666,1.0,0.2,296.2,2025-03-20 09:43:44
4663,1.0,0.2,296.8,2025-03-20 09:37:43
4660,1.0,0.2,297.7,2025-03-20 09:31:43
4659,2.0,0.4,288.6,2025-03-20 09:29:43
4650,1.0,0.2,297.2,2025-03-20 09:11:43
4647,1.0,0.2,295.3,2025-03-20 09:05:43
4646,1.0,0.2,284.8,2025-03-20 09:03:43
4639,1.0,0.2,278.5,2025-03-20 08:49:43
4619,1.0,0.2,283.1,2025-03-20 08:09:41
4618,1.0,0.2,298.2,2025-03-20 08:07:42
4607,1.0,0.2,297.9,2025-03-20 07:45:42
4606,1.0,0.2,296.8,2025-03-20 07:43:41
4593,2.0,0.4,278.2,2025-03-20 07:17:40
4582,1.0,0.2,277.0,2025-03-20 06:55:40
4578,1.0,0.2,282.6,2025-03-20 06:47:40
4576,1.0,0.2,282.1,2025-03-20 06:43:39
4575,1.0,0.2,282.4,2025-03-20 06:41:39
4574,1.0,0.2,281.6,2025-03-20 06:39:39
4556,1.0,0.2,280.1,2025-03-20 06:03:38
4553,1.0,0.2,280.1,2025-03-20 05:57:38
4538,1.0,0.2,279.5,2025-03-20 05:27:37
4537,1.0,0.2,279.9,2025-03-20 05:25:37
4536,1.0,0.2,279.9,2025-03-20 05:23:37
4529,1.0,0.2,279.5,2025-03-20 05:09:37
4527,1.0,0.2,279.5,2025-03-20 05:05:37
4525,1.0,0.2,279.9,2025-03-20 05:01:37
4522,1.0,0.2,279.5,2025-03-20 04:55:37
4509,1.0,0.2,282.8,2025-03-18 05:47:22
4486,1.0,0.2,297.4,2025-03-18 05:01:21
4477,1.0,0.2,297.4,2025-03-18 04:43:21
4474,2.0,0.4,297.1,2025-03-18 04:37:21
4472,1.0,0.2,297.1,2025-03-18 04:33:20
4468,1.0,0.2,296.2,2025-03-18 04:25:20
4463,1.0,0.2,296.5,2025-03-18 04:15:20
4344,1.0,0.2,296.3,2025-03-18 00:17:14
4334,1.0,0.2,296.0,2025-03-17 23:57:14
4302,2.0,0.4,275.7,2025-03-17 22:53:12
4265,1.0,0.2,294.0,2025-03-17 21:39:10
4264,2.0,0.4,294.4,2025-03-17 21:37:10
4251,6.0,1.2,288.5,2025-03-17 21:11:09
4247,4.0,0.8,292.7,2025-03-17 21:03:09
4246,4.0,0.8,292.3,2025-03-17 21:01:09
4240,1.0,0.2,291.4,2025-03-17 20:49:09
4229,1.0,0.2,289.5,2025-03-17 20:27:08
4224,3.0,0.6,288.4,2025-03-17 20:17:08
4205,8.0,1.6,283.3,2025-03-17 19:39:07
4146,2.0,0.4,280.9,2025-03-17 17:41:04
4144,2.0,0.4,280.8,2025-03-17 17:37:04
4126,1.0,0.2,281.4,2025-03-17 17:01:03
4112,2.0,0.4,298.0,2025-03-17 16:33:02
4103,1.0,0.2,274.0,2025-03-17 16:15:02
4089,3.0,0.6,277.4,2025-03-17 15:47:01
4054,1.0,0.2,279.9,2025-03-17 14:36:59
3980,2.0,0.4,283.9,2025-03-17 12:09:00
3973,1.0,0.2,280.6,2025-03-17 11:54:59
3955,1.0,0.2,296.7,2025-03-17 11:18:58
3951,1.0,0.2,295.0,2025-03-17 11:10:58
3950,1.0,0.2,296.3,2025-03-17 11:08:53
3938,1.0,0.2,284.1,2025-03-17 10:44:39
3937,1.0,0.2,278.7,2025-03-17 10:40:58
3919,1.0,0.2,293.3,2025-03-17 10:04:57
3917,2.0,0.4,285.0,2025-03-17 10:00:57
3916,3.0,0.6,281.5,2025-03-17 09:58:57
3906,2.0,0.4,284.0,2025-03-17 09:38:56
3902,2.0,0.4,298.2,2025-03-17 09:30:56
3896,1.0,0.2,298.4,2025-03-17 09:18:56
3892,1.0,0.2,237.9,2025-03-17 09:10:55
3886,1.0,0.2,278.0,2025-03-17 08:58:55
3878,3.0,0.6,279.5,2025-03-17 08:42:55
3874,1.0,0.2,282.4,2025-03-17 08:34:55
3868,1.0,0.2,293.0,2025-03-17 08:22:54
3854,1.0,0.2,294.9,2025-03-17 07:52:54
3853,2.0,0.4,295.2,2025-03-17 07:50:54
3849,1.0,0.2,296.3,2025-03-17 07:42:54
3843,1.0,0.2,291.8,2025-03-17 07:30:53
3832,1.0,0.2,277.8,2025-03-17 07:08:53
3830,1.0,0.2,293.7,2025-03-17 07:04:53
3829,2.0,0.4,293.9,2025-03-17 07:02:53
3828,2.0,0.4,277.8,2025-03-17 07:00:53
3827,2.0,0.4,293.3,2025-03-17 06:58:53
3826,1.0,0.2,292.0,2025-03-17 06:56:52
3823,1.0,0.2,293.2,2025-03-17 06:50:52
3780,1.0,0.2,293.2,2025-03-17 05:24:50
3779,1.0,0.2,293.1,2025-03-17 05:22:50
3776,59.0,11.8,293.7,2025-03-17 05:16:50
3774,1.0,0.2,277.8,2025-03-17 05:12:50
3769,1.0,0.2,277.4,2025-03-17 05:02:50
3755,1.0,0.2,293.1,2025-03-17 04:34:49
3748,1.0,0.2,293.2,2025-03-17 04:20:49
3727,1.0,0.2,292.4,2025-03-17 03:38:47
3624,1.0,0.2,274.2,2025-03-17 00:12:42
3539,1.0,0.2,275.1,2025-03-16 21:22:39
3523,1.0,0.2,261.6,2025-03-16 20:50:39
3522,18.0,3.6,275.0,2025-03-16 20:48:39
3521,1.0,0.2,284.4,2025-03-16 09:14:35
3513,1.0,0.2,278.2,2025-03-16 08:58:35
3476,2.0,0.4,282.0,2025-03-16 07:44:33
3472,1.0,0.2,280.8,2025-03-16 07:36:32
3417,1.0,0.2,261.3,2025-03-16 05:46:30
3416,1.0,0.2,261.3,2025-03-16 05:44:30
3415,1.0,0.2,261.3,2025-03-16 05:42:30
3413,1.0,0.2,261.7,2025-03-16 05:38:30
3412,1.0,0.2,261.2,2025-03-16 05:36:30
3409,1.0,0.2,280.2,2025-03-16 05:30:29
3407,1.0,0.2,279.8,2025-03-16 05:26:29
3390,2.0,0.4,261.7,2025-03-16 04:52:28
3337,1.0,0.2,280.2,2025-03-16 03:05:52
3246,2.0,0.4,281.1,2025-03-16 00:02:21
3232,2.0,0.4,279.4,2025-03-15 23:34:21
3211,7.0,1.4,277.8,2025-03-15 22:52:20
3176,7.0,1.4,279.5,2025-03-15 21:42:19
3147,4.0,0.8,261.1,2025-03-15 20:44:18
3145,3.0,0.6,280.6,2025-03-15 20:40:18
3121,6.0,1.2,282.8,2025-03-15 19:52:17
3097,2.0,0.4,261.1,2025-03-15 18:16:17
3075,1.0,0.2,280.3,2025-03-15 17:32:16
3073,3.0,0.6,277.0,2025-03-15 17:28:16
3066,1.0,0.2,280.4,2025-03-15 17:14:15
3062,1.0,0.2,260.1,2025-03-15 17:06:15
3054,1.0,0.2,279.8,2025-03-15 16:50:15
3050,2.0,0.4,278.8,2025-03-15 16:42:14
3036,1.0,0.2,284.0,2025-03-15 16:14:14
3027,1.0,0.2,280.1,2025-03-15 15:56:13
3020,1.0,0.2,280.1,2025-03-15 15:42:13
2998,1.0,0.2,279.9,2025-03-15 14:58:12
2987,1.0,0.2,281.4,2025-03-15 14:36:11
2982,2.0,0.4,275.7,2025-03-15 14:26:11
2978,1.0,0.2,276.4,2025-03-15 14:18:11
2964,2.0,0.4,278.5,2025-03-15 13:36:37
2929,1.0,0.2,279.2,2025-03-15 10:48:09
2922,5.0,1.0,292.2,2025-03-15 10:34:08
2918,1.0,0.2,283.4,2025-03-15 10:26:08
2903,1.0,0.2,291.0,2025-03-15 09:56:07
2894,1.0,0.2,295.0,2025-03-15 09:38:07
2887,1.0,0.2,293.3,2025-03-15 09:24:06
2881,1.0,0.2,295.0,2025-03-15 09:12:06
2872,2.0,0.4,297.9,2025-03-15 08:54:06
2847,2.0,0.4,284.7,2025-03-15 08:04:04
2843,1.0,0.2,281.6,2025-03-15 07:56:04
2838,5.0,1.0,279.3,2025-03-15 07:46:04
2818,2.0,0.4,277.5,2025-03-15 07:06:03
2812,1.0,0.2,277.0,2025-03-15 06:54:03
2811,1.0,0.2,277.3,2025-03-15 06:52:02
2809,1.0,0.2,276.4,2025-03-15 06:48:02
2806,1.0,0.2,275.6,2025-03-15 06:42:03
2788,1.0,0.2,275.4,2025-03-15 06:06:02
2774,1.0,0.2,274.8,2025-03-15 05:38:01
2771,1.0,0.2,274.7,2025-03-15 05:32:01
2756,1.0,0.2,275.6,2025-03-15 05:02:00
2750,1.0,0.2,275.1,2025-03-15 04:50:00
2645,1.0,0.2,274.7,2025-03-15 01:19:55
2614,1.0,0.2,275.2,2025-03-15 00:17:53
2597,2.0,0.4,274.7,2025-03-14 23:43:52
2522,1.0,0.2,274.7,2025-03-14 21:13:49
2514,1.0,0.2,276.5,2025-03-14 20:57:49
2511,1.0,0.2,274.9,2025-03-14 20:51:49
2507,3.0,0.6,274.6,2025-03-14 20:43:49
2496,1.0,0.2,279.8,2025-03-13 10:51:46
2495,1.0,0.2,278.6,2025-03-13 10:49:46
2494,1.0,0.2,278.3,2025-03-13 10:47:46
2493,1.0,0.2,277.7,2025-03-13 10:45:46
2491,2.0,0.4,278.0,2025-03-13 10:41:46
2489,5.0,1.0,277.6,2025-03-13 10:37:46
2487,1.0,0.2,277.7,2025-03-13 10:33:46
2485,4.0,0.8,276.8,2025-03-13 10:29:46
2479,2.0,0.4,279.0,2025-03-13 10:17:45
2478,2.0,0.4,279.4,2025-03-13 10:15:45
2474,4.0,0.8,284.8,2025-03-13 10:07:45
2470,1.0,0.2,289.5,2025-03-13 09:59:45
2469,1.0,0.2,288.5,2025-03-13 09:57:45
2464,1.0,0.2,286.1,2025-03-13 09:47:45
2463,1.0,0.2,285.6,2025-03-13 09:45:45
2459,2.0,0.4,300.4,2025-03-13 09:37:44
2413,2.0,0.4,283.3,2025-03-13 08:05:42
2396,2.0,0.4,276.9,2025-03-13 07:31:41
2387,1.0,0.2,282.4,2025-03-13 07:13:41
2380,1.0,0.2,282.3,2025-03-13 06:59:40
2374,2.0,0.4,281.1,2025-03-13 06:47:40
2345,1.0,0.2,279.2,2025-03-13 05:49:38
2338,5.0,1.0,278.7,2025-03-13 05:35:38
2323,2.0,0.4,275.4,2025-03-13 05:05:37
2296,2.0,0.4,261.9,2025-03-13 04:11:36
2222,2.0,0.4,275.0,2025-03-13 01:43:32
2221,1.0,0.2,275.4,2025-03-13 01:41:32
2164,6.0,1.2,274.9,2025-03-12 23:47:30
2135,1.0,0.2,275.5,2025-03-12 22:49:29
2130,1.0,0.2,274.8,2025-03-12 22:39:29
2110,1.0,0.2,275.9,2025-03-12 21:59:29
2077,7.0,1.4,274.9,2025-03-12 20:53:28
2072,2.0,0.4,274.9,2025-03-12 20:43:28
2066,2.0,0.4,287.2,2025-03-12 20:31:27
2031,4.0,0.8,285.4,2025-03-12 19:21:25
2016,1.0,0.2,287.6,2025-03-12 18:51:25
2011,2.0,0.4,280.0,2025-03-12 18:41:25
2010,1.0,0.2,288.0,2025-03-12 18:39:24
1968,2.0,0.4,275.1,2025-03-12 17:03:22
1964,5.0,1.0,274.5,2025-03-12 16:55:22
1952,1.0,0.2,297.2,2025-03-12 16:31:21
1949,1.0,0.2,275.5,2025-03-12 16:25:21
1947,1.0,0.2,297.0,2025-03-12 16:21:21
1945,2.0,0.4,286.9,2025-03-12 16:17:21
1940,1.0,0.2,286.5,2025-03-12 16:07:20
1928,1.0,0.2,281.9,2025-03-12 15:43:20
1927,1.0,0.2,278.6,2025-03-12 15:41:20
1926,2.0,0.4,276.5,2025-03-12 15:39:20
1925,3.0,0.6,275.8,2025-03-12 15:37:20
1922,1.0,0.2,282.3,2025-03-12 15:31:19
1912,3.0,0.6,284.2,2025-03-12 15:11:19
1882,2.0,0.4,297.6,2025-03-12 14:11:18
1859,1.0,0.2,294.2,2025-03-12 13:25:17
1853,1.0,0.2,286.8,2025-03-12 13:13:17
1842,1.0,0.2,286.0,2025-03-12 12:51:17
1839,1.0,0.2,282.7,2025-03-12 12:45:16
1838,1.0,0.2,296.1,2025-03-12 12:43:16
1836,1.0,0.2,300.8,2025-03-12 12:39:16
1835,1.0,0.2,285.2,2025-03-12 12:37:16
1833,1.0,0.2,301.6,2025-03-12 12:33:16
1831,1.0,0.2,282.9,2025-03-12 12:29:16
1830,1.0,0.2,283.6,2025-03-12 12:27:16
1829,1.0,0.2,288.1,2025-03-12 12:25:16
1827,1.0,0.2,289.4,2025-03-12 12:21:16
1825,1.0,0.2,286.5,2025-03-12 12:17:16
1824,1.0,0.2,284.1,2025-03-12 12:15:16
1823,2.0,0.4,282.7,2025-03-12 12:13:16
1822,1.0,0.2,283.9,2025-03-12 12:11:16
1820,1.0,0.2,282.8,2025-03-12 12:07:15
1818,1.0,0.2,286.3,2025-03-12 12:03:15
1817,1.0,0.2,302.9,2025-03-12 12:01:16
1815,1.0,0.2,303.9,2025-03-12 11:57:15
1811,1.0,0.2,284.2,2025-03-12 11:49:15
1810,1.0,0.2,284.8,2025-03-12 11:47:15
1808,1.0,0.2,288.9,2025-03-12 11:43:15
1806,1.0,0.2,283.7,2025-03-12 11:39:15
1803,2.0,0.4,286.3,2025-03-12 11:33:14
1802,1.0,0.2,282.2,2025-03-12 11:31:15
1799,2.0,0.4,286.8,2025-03-12 11:25:14
1797,1.0,0.2,286.3,2025-03-12 11:21:14
1792,1.0,0.2,295.6,2025-03-12 11:11:14
1776,4.0,0.8,277.7,2025-03-12 10:39:13
1751,1.0,0.2,297.4,2025-03-12 09:49:12
1750,1.0,0.2,301.0,2025-03-12 09:47:12
1749,1.0,0.2,297.9,2025-03-12 09:45:12
1734,2.0,0.4,300.6,2025-03-12 09:15:11
1717,2.0,0.4,284.8,2025-03-12 08:41:10
1681,1.0,0.2,296.8,2025-03-12 07:29:10
1664,1.0,0.2,278.1,2025-03-12 06:55:09
1661,1.0,0.2,277.0,2025-03-12 06:49:09
1659,1.0,0.2,276.2,2025-03-12 06:45:09
1643,2.0,0.4,281.6,2025-03-12 06:13:08
1638,1.0,0.2,276.3,2025-03-12 06:03:08
1600,1.0,0.2,262.4,2025-03-12 04:47:06
1457,2.0,0.4,275.4,2025-03-12 00:00:59
1359,1.0,0.2,280.2,2025-03-11 20:44:54
1358,27.0,5.4,276.4,2025-03-11 20:42:54
1357,6.0,1.2,275.9,2025-03-11 20:40:54
1338,1.0,0.2,275.7,2025-03-11 20:02:53
1337,1.0,0.2,275.8,2025-03-11 20:00:53
1328,5.0,1.0,275.7,2025-03-11 19:42:52
1326,2.0,0.4,275.4,2025-03-11 19:38:52
1325,3.0,0.6,275.5,2025-03-11 19:36:52
1323,1.0,0.2,276.0,2025-03-11 19:32:52
1316,1.0,0.2,276.2,2025-03-11 19:18:52
1312,1.0,0.2,280.5,2025-03-11 19:10:51
1311,2.0,0.4,275.8,2025-03-11 19:08:51
1309,2.0,0.4,280.5,2025-03-11 19:04:51
1290,1.0,0.2,281.0,2025-03-11 18:26:51
1275,1.0,0.2,275.6,2025-03-11 17:56:51
1272,1.0,0.2,275.4,2025-03-11 17:50:51
1267,3.0,0.6,275.4,2025-03-11 17:40:51
1265,1.0,0.2,281.4,2025-03-11 17:36:51
1264,4.0,0.8,280.7,2025-03-11 17:34:51
1260,1.0,0.2,275.6,2025-03-11 17:26:51
1257,1.0,0.2,276.0,2025-03-11 17:20:51
1256,1.0,0.2,280.4,2025-03-11 17:18:51
1254,1.0,0.2,276.1,2025-03-11 17:14:51
1252,1.0,0.2,280.9,2025-03-11 17:10:50
1249,1.0,0.2,280.6,2025-03-11 17:04:50
1246,1.0,0.2,280.3,2025-03-11 16:58:50
1231,1.0,0.2,275.4,2025-03-11 16:28:50
1226,2.0,0.4,281.8,2025-03-11 16:18:50
1223,1.0,0.2,294.1,2025-03-11 16:12:50
1222,1.0,0.2,287.8,2025-03-11 16:10:50
1191,1.0,0.2,279.3,2025-03-11 15:08:49
1182,2.0,0.4,293.9,2025-03-11 14:50:48
1181,6.0,1.2,295.2,2025-03-11 14:48:48
1143,1.0,0.2,280.9,2025-03-11 13:32:47
1137,1.0,0.2,296.8,2025-03-11 13:20:47
1135,1.0,0.2,282.6,2025-03-11 13:16:47
1134,1.0,0.2,280.7,2025-03-11 13:14:48
1130,1.0,0.2,281.9,2025-03-11 13:06:47
1129,1.0,0.2,282.2,2025-03-11 13:04:47
1128,1.0,0.2,284.1,2025-03-11 13:02:47
1125,1.0,0.2,282.3,2025-03-11 12:56:47
1124,1.0,0.2,282.9,2025-03-11 12:54:47
1123,1.0,0.2,280.6,2025-03-11 12:52:47
1122,1.0,0.2,283.7,2025-03-11 12:50:47
1121,1.0,0.2,280.9,2025-03-11 12:48:47
1117,1.0,0.2,284.3,2025-03-11 12:40:47
1112,1.0,0.2,297.3,2025-03-11 12:30:46
1111,1.0,0.2,280.6,2025-03-11 12:28:46
1110,1.0,0.2,284.1,2025-03-11 12:26:46
1109,1.0,0.2,281.6,2025-03-11 12:24:46
1108,1.0,0.2,281.1,2025-03-11 12:22:46
1106,1.0,0.2,287.3,2025-03-11 12:18:46
1104,1.0,0.2,284.7,2025-03-11 12:14:46
1102,1.0,0.2,282.3,2025-03-11 12:10:46
1100,1.0,0.2,282.2,2025-03-11 12:06:46
1099,1.0,0.2,281.5,2025-03-11 12:04:46
1098,1.0,0.2,283.1,2025-03-11 12:02:45
1097,1.0,0.2,294.8,2025-03-11 12:00:45
1096,1.0,0.2,284.0,2025-03-11 11:58:45
1094,1.0,0.2,282.9,2025-03-11 11:54:40
1093,2.0,0.4,282.7,2025-03-11 11:52:40
1092,2.0,0.4,296.3,2025-03-11 11:50:40
1091,2.0,0.4,281.2,2025-03-11 11:48:40
1086,1.0,0.2,280.0,2025-03-11 11:38:33
1083,1.0,0.2,280.8,2025-03-11 11:30:45
1082,1.0,0.2,175.4,2025-03-11 11:28:45
1079,2.0,0.4,291.8,2025-03-11 11:22:45
1077,2.0,0.4,281.1,2025-03-11 11:18:45
1075,1.0,0.2,282.4,2025-03-11 11:14:45
1074,1.0,0.2,280.9,2025-03-11 11:12:45
1073,1.0,0.2,283.3,2025-03-11 11:10:45
1069,1.0,0.2,281.5,2025-03-11 11:02:45
1067,1.0,0.2,282.1,2025-03-11 10:58:44
1064,1.0,0.2,190.5,2025-03-11 10:52:44
1063,1.0,0.2,281.1,2025-03-11 10:50:44
1058,1.0,0.2,293.0,2025-03-11 10:40:44
1056,1.0,0.2,285.4,2025-03-11 10:36:44
1054,1.0,0.2,277.0,2025-03-11 10:32:44
1053,1.0,0.2,276.5,2025-03-11 10:30:44
1048,1.0,0.2,285.1,2025-03-11 10:20:43
1047,1.0,0.2,278.8,2025-03-11 10:18:43
1046,1.0,0.2,277.6,2025-03-11 10:16:43
1044,1.0,0.2,278.0,2025-03-11 10:12:43
1043,2.0,0.4,285.2,2025-03-11 10:10:43
1041,1.0,0.2,277.9,2025-03-11 10:06:43
1038,1.0,0.2,285.9,2025-03-11 10:00:43
1036,1.0,0.2,277.7,2025-03-11 09:56:43
1033,1.0,0.2,295.9,2025-03-11 09:50:43
1031,1.0,0.2,292.7,2025-03-11 09:46:43
1029,1.0,0.2,117.1,2025-03-11 09:42:43
1028,1.0,0.2,297.4,2025-03-11 09:40:42
1027,1.0,0.2,289.7,2025-03-11 09:38:42
1025,1.0,0.2,288.0,2025-03-11 09:34:42
1023,1.0,0.2,296.4,2025-03-11 09:30:42
1021,1.0,0.2,296.7,2025-03-11 09:26:42
1018,1.0,0.2,285.7,2025-03-11 09:20:42
1015,1.0,0.2,290.6,2025-03-11 09:14:42
1009,1.0,0.2,295.7,2025-03-11 09:02:41
1008,1.0,0.2,280.5,2025-03-11 09:00:41
970,1.0,0.2,292.0,2025-03-11 07:44:40
963,1.0,0.2,290.9,2025-03-11 07:30:39
945,1.0,0.2,276.6,2025-03-11 06:54:38
942,3.0,0.6,276.9,2025-03-11 06:48:38
841,1.0,0.2,287.7,2025-03-11 03:26:34
839,1.0,0.2,287.2,2025-03-11 03:22:33
831,1.0,0.2,287.7,2025-03-11 03:06:33
814,1.0,0.2,287.3,2025-03-11 02:32:32
813,1.0,0.2,288.6,2025-03-11 02:30:32
805,1.0,0.2,287.7,2025-03-11 02:14:31
743,2.0,0.4,281.5,2025-03-11 00:10:31
734,1.0,0.2,262.6,2025-03-10 23:52:30
732,18.0,3.6,287.2,2025-03-10 23:48:30
687,1.0,0.2,280.9,2025-03-10 22:18:28
674,1.0,0.2,280.3,2025-03-10 21:52:28
663,1.0,0.2,280.9,2025-03-10 21:30:27
635,2.0,0.4,281.1,2025-03-10 20:34:26
614,1.0,0.2,274.6,2025-03-10 19:52:25
606,3.0,0.6,274.2,2025-03-10 19:36:24
601,1.0,0.2,274.1,2025-03-10 19:26:24
597,1.0,0.2,274.6,2025-03-10 19:18:24
593,1.0,0.2,273.8,2025-03-10 19:10:24
583,1.0,0.2,274.2,2025-03-10 18:50:23
580,1.0,0.2,274.7,2025-03-10 18:44:23
579,1.0,0.2,281.1,2025-03-10 18:42:23
574,1.0,0.2,274.2,2025-03-10 18:32:23
573,2.0,0.4,273.7,2025-03-10 18:30:23
566,1.0,0.2,274.1,2025-03-10 18:16:22
564,1.0,0.2,262.5,2025-03-10 18:12:22
559,1.0,0.2,279.7,2025-03-10 18:02:22
553,5.0,1.0,274.0,2025-03-10 17:50:21
546,1.0,0.2,274.3,2025-03-10 17:36:21
545,1.0,0.2,274.4,2025-03-10 17:34:21
537,1.0,0.2,274.6,2025-03-10 17:18:21
531,1.0,0.2,274.2,2025-03-10 17:06:21
511,2.0,0.4,270.6,2025-03-10 16:26:20
502,2.0,0.4,265.6,2025-03-10 16:08:19
496,2.0,0.4,262.3,2025-03-10 15:56:19
492,1.0,0.2,259.4,2025-03-10 15:48:18
485,1.0,0.2,263.0,2025-03-10 15:34:18
484,12.0,2.4,266.6,2025-03-10 15:32:18
468,5.0,1.0,276.8,2025-03-10 15:00:18
440,1.0,0.2,281.0,2025-03-10 14:04:16
437,1.0,0.2,280.1,2025-03-10 13:58:16
436,4.0,0.8,279.4,2025-03-10 13:56:16
435,2.0,0.4,274.2,2025-03-10 13:54:16
433,21.0,4.2,280.5,2025-03-10 13:50:16
432,6.0,1.2,281.4,2025-03-10 13:48:16
431,1.0,0.2,275.2,2025-03-10 13:46:16
430,2.0,0.4,273.8,2025-03-10 13:44:16
429,1.0,0.2,289.9,2025-03-10 13:42:15
427,1.0,0.2,261.8,2025-03-10 13:38:15
426,1.0,0.2,281.7,2025-03-10 13:36:15
425,3.0,0.6,294.5,2025-03-10 13:34:15
421,1.0,0.2,275.8,2025-03-10 13:26:15
420,2.0,0.4,276.9,2025-03-10 13:24:16
418,2.0,0.4,277.0,2025-03-10 13:20:16
416,1.0,0.2,276.8,2025-03-10 13:16:16
414,1.0,0.2,276.9,2025-03-10 13:12:16
412,1.0,0.2,276.6,2025-03-10 13:08:16
410,1.0,0.2,276.8,2025-03-10 13:04:16
409,1.0,0.2,294.9,2025-03-10 13:02:16
408,3.0,0.6,296.2,2025-03-10 13:00:15
407,1.0,0.2,276.9,2025-03-10 12:58:15
402,1.0,0.2,279.9,2025-03-10 12:48:15
397,1.0,0.2,290.6,2025-03-10 12:38:15
395,1.0,0.2,277.2,2025-03-10 12:32:15
394,1.0,0.2,283.5,2025-03-10 12:30:15
393,2.0,0.4,276.4,2025-03-10 12:28:14
391,1.0,0.2,277.0,2025-03-10 12:24:14
390,1.0,0.2,289.9,2025-03-10 12:22:14
389,1.0,0.2,277.1,2025-03-10 12:20:15
387,2.0,0.4,282.4,2025-03-10 12:16:14
386,2.0,0.4,277.7,2025-03-10 12:14:14
385,1.0,0.2,277.7,2025-03-10 12:12:14
384,1.0,0.2,278.3,2025-03-10 12:10:14
381,2.0,0.4,278.1,2025-03-10 12:04:13
380,1.0,0.2,295.9,2025-03-10 12:02:13
376,2.0,0.4,276.8,2025-03-10 11:54:06
375,1.0,0.2,283.3,2025-03-10 11:52:06
373,1.0,0.2,284.4,2025-03-10 11:48:06
372,1.0,0.2,280.5,2025-03-10 11:46:06
371,1.0,0.2,289.9,2025-03-10 11:43:59
370,2.0,0.4,295.4,2025-03-10 11:41:59
369,1.0,0.2,280.7,2025-03-10 11:39:59
368,1.0,0.2,276.1,2025-03-10 11:37:59
367,2.0,0.4,284.2,2025-03-10 11:35:59
366,3.0,0.6,295.5,2025-03-10 11:33:52
365,2.0,0.4,276.6,2025-03-10 11:31:52
364,1.0,0.2,276.2,2025-03-10 11:29:52
363,2.0,0.4,294.9,2025-03-10 11:27:52
362,2.0,0.4,279.8,2025-03-10 11:25:52
361,1.0,0.2,294.5,2025-03-10 11:23:45
359,2.0,0.4,295.6,2025-03-10 11:19:45
358,1.0,0.2,283.7,2025-03-10 11:17:45
356,2.0,0.4,282.9,2025-03-10 11:13:38
352,1.0,0.2,275.8,2025-03-10 11:05:38
351,1.0,0.2,282.1,2025-03-10 11:03:31
350,1.0,0.2,282.2,2025-03-10 11:01:31
349,2.0,0.4,282.7,2025-03-10 10:59:31
347,1.0,0.2,276.1,2025-03-10 10:55:31
346,1.0,0.2,294.2,2025-03-10 10:53:25
345,2.0,0.4,294.3,2025-03-10 10:51:25
343,1.0,0.2,294.6,2025-03-10 10:47:24
342,1.0,0.2,278.0,2025-03-10 10:45:24
341,2.0,0.4,289.6,2025-03-10 10:43:17
340,3.0,0.6,294.0,2025-03-10 10:41:17
339,2.0,0.4,279.8,2025-03-10 10:38:12
338,2.0,0.4,279.8,2025-03-10 10:36:12
337,1.0,0.2,294.2,2025-03-10 10:34:12
336,3.0,0.6,293.7,2025-03-10 10:32:12
335,1.0,0.2,293.9,2025-03-10 10:30:12
334,2.0,0.4,294.6,2025-03-10 10:28:12
333,2.0,0.2,276.9,2025-03-10 10:26:12
332,1.0,0.2,276.4,2025-03-10 10:24:13
330,1.0,0.2,295.1,2025-03-10 10:20:12
329,3.0,0.6,277.3,2025-03-10 10:18:12
328,2.0,0.4,277.1,2025-03-10 10:16:11
327,1.0,0.2,296.7,2025-03-10 10:14:11
326,1.0,0.2,277.5,2025-03-10 10:12:11
325,1.0,0.2,297.5,2025-03-10 10:10:11
324,2.0,0.4,277.2,2025-03-10 10:08:11
323,1.0,0.2,280.5,2025-03-10 10:06:11
322,2.0,0.4,279.7,2025-03-10 10:04:11
320,1.0,0.2,285.6,2025-03-10 10:00:11
319,1.0,0.2,276.3,2025-03-10 09:58:11
318,1.0,0.2,292.0,2025-03-10 09:56:11
317,1.0,0.2,293.7,2025-03-10 09:54:11
316,1.0,0.2,296.0,2025-03-10 09:52:11
312,1.0,0.2,211.4,2025-03-10 09:44:11
311,3.0,0.6,228.0,2025-03-10 09:42:11
310,2.0,0.4,277.9,2025-03-10 09:40:11
308,10.0,2.0,281.5,2025-03-10 09:36:11
307,1.0,0.2,271.5,2025-03-10 09:34:11
306,1.0,0.2,278.3,2025-03-10 09:32:10
305,2.0,0.4,281.3,2025-03-10 09:30:10
302,1.0,0.2,278.3,2025-03-10 09:24:10
300,1.0,0.2,278.6,2025-03-10 09:20:10
299,2.0,0.4,283.0,2025-03-10 09:18:10
297,1.0,0.2,296.3,2025-03-10 09:14:10
296,1.0,0.2,278.0,2025-03-10 09:12:10
294,1.0,0.2,280.1,2025-03-10 09:08:10
293,1.0,0.2,293.1,2025-03-10 09:06:10
292,1.0,0.2,283.1,2025-03-10 09:04:10
291,1.0,0.2,277.6,2025-03-10 09:02:10
289,1.0,0.2,290.7,2025-03-10 08:58:10
288,7.0,1.4,280.5,2025-03-10 08:56:10
285,1.0,0.2,283.2,2025-03-10 08:50:09
275,6.0,1.2,276.3,2025-03-10 08:28:09
274,4.0,0.8,276.3,2025-03-10 08:26:09
273,1.0,0.2,279.6,2025-03-10 08:24:09
272,3.0,0.6,279.2,2025-03-10 08:20:12
257,1.0,0.2,282.1,2025-03-10 07:34:09
247,2.0,0.4,279.7,2025-03-10 07:09:10
244,1.0,0.2,276.5,2025-03-10 06:52:09
242,14.0,2.8,276.7,2025-03-10 06:46:41
241,9.0,1.8,275.2,2025-03-10 06:44:41
173,3.0,0.6,287.1,2025-03-09 09:44:02
